gender_id,risk_apetite,fraud_score,monthly_expense,type,total_transactions,total_transaction_amount,total_withdrawn_amount,plan_abondonment
,0,0,0.0,Investment,1,5000000.000000001,0.0,0
2.0,1,0,40000000.0,Savings,319,111000000.0,0.0,0
1.0,2,0,100000000.0,Investment,1,0.0,0.0,1
2.0,2,0,5000000.0,Savings,27,2000000.0,0.0,0
,0,0,100000000.0,Savings,5,10000000.0,0.0,0
2.0,2,0,5000000.0,Investment,2,20300.0,0.0,1
1.0,0,0,0.0,Savings,2,20000.0,0.0,1
1.0,2,0,15000000.0,Savings,3,5000000.0,0.0,0
2.0,0,0,0.0,Savings,1,10000.0,0.0,1
2.0,0,0,9900000.0,Savings,87,37000000.0,0.0,0
,0,0,0.0,Savings,2,2010000.0,0.0,0
2.0,2,15,0.0,Investment,12,7513500.0,0.0,1
2.0,0,0,0.0,Savings,1,1000000.0,0.0,0
2.0,1,0,800000000.0,Investment,1,507500.0,0.0,1
2.0,0,0,0.0,Savings,1,10000.0,0.0,1
2.0,2,0,40000000.0,Investment,1,30450.0,0.0,1
2.0,2,0,40000000.0,Savings,2,1500000.0,0.0,1
1.0,3,0,0.0,Investment,1,507500.0,0.0,1
1.0,2,0,100000000.0,Savings,2,150000.0,0.0,1
2.0,3,0,1000000.0,Savings,24,164510000.0,0.0,0
1.0,3,15,100000000.0,Investment,139,3592428900.0,0.0,0
,0,0,0.0,Savings,9,6000000.0,0.0,0
1.0,3,0,0.0,Savings,31,63000000.0,0.0,0
,2,0,0.0,Investment,1,1000000.0,0.0,0
,0,0,0.0,Savings,2,1100000.0,0.0,1
1.0,3,10,0.0,Savings,1,0.0,0.0,1
2.0,0,0,0.0,Savings,43,31000000.0,0.0,0
,0,0,40000000.0,Savings,48,35000000.0,0.0,0
1.0,0,0,0.0,Savings,229,122000000.0,0.0,0
2.0,2,15,0.0,Savings,7,3000000.0,0.0,0
,2,0,15000000.0,Savings,16,36000000.0,0.0,0
2.0,0,0,0.0,Savings,43,26000000.0,0.0,0
,0,0,0.0,Investment,2,4000000.0,0.0,0
2.0,3,15,81809700.0,Savings,1,200000.0,0.0,1
2.0,0,0,0.0,Savings,28,14000000.0,0.0,0
2.0,2,0,0.0,Savings,1,1000000.0,0.0,1
1.0,0,0,0.0,Savings,9,15000000.0,0.0,0
2.0,0,0,0.0,Savings,1,10000.0,0.0,1
2.0,2,0,40000000.0,Savings,5,6043400.0,0.0,1
2.0,0,0,0.0,Savings,1,500000.0,0.0,0
2.0,0,0,0.0,Savings,1,1000000.0,0.0,0
2.0,2,15,0.0,Savings,138,999420000.0,0.0,1
1.0,3,10,0.0,Savings,12,480000.0,0.0,1
2.0,0,15,40000000.0,Savings,1,1000000.0,0.0,1
2.0,2,0,40000000.0,Savings,3,255800.0,0.0,1
2.0,3,15,81809700.0,Savings,1,10000000.0,0.0,1
2.0,2,0,100000000.0,Savings,52,49000000.0,0.0,0
,0,0,0.0,Savings,1,1000000.0,0.0,0
2.0,0,0,0.0,Savings,1,10000.0,0.0,1
2.0,2,0,40000000.0,Investment,1,30450.0,0.0,1
2.0,0,0,0.0,Savings,1,2000000.0,0.0,0
2.0,3,0,0.0,Savings,1,1000000.0,0.0,1
2.0,2,15,0.0,Savings,2,1000000.0,0.0,1
,0,0,40000000.0,Investment,2,2030000.0,0.0,1
2.0,0,0,0.0,Savings,126,1257989900.0,0.0,0
2.0,2,0,40000000.0,Savings,5,1653400.0,0.0,1
,0,0,0.0,Investment,3,750000.0,0.0,0
2.0,0,0,0.0,Investment,1,2000000.0,0.0,0
1.0,3,10,0.0,Savings,1,500000.0,0.0,1
,0,0,0.0,Savings,1,10000.0,0.0,1
1.0,2,0,15000000.0,Investment,2,4725000.0,0.0,1
2.0,1,0,800000000.0,Savings,25,400000.0,0.0,0
1.0,0,0,0.0,Savings,1,10000.0,0.0,1
2.0,2,15,0.0,Savings,7,7000000.0,0.0,1
2.0,0,0,0.0,Savings,11,8000000.0,0.0,1
2.0,2,0,5000000.0,Investment,1,10150.0,0.0,1
2.0,0,0,0.0,Savings,1,2500000.0,0.0,0
2.0,0,0,0.0,Savings,1,5000000.0,0.0,0
1.0,3,10,0.0,Savings,1,400000.0,0.0,1
2.0,0,0,0.0,Savings,30,51000000.0,0.0,0
2.0,2,15,0.0,Savings,1,500000.0,0.0,1
2.0,2,15,0.0,Savings,1,1000000.0,0.0,1
2.0,2,15,0.0,Investment,3,1153620.0,0.0,1
2.0,2,0,40000000.0,Savings,5,440000.0,250000.0,1
2.0,3,0,1000000.0,Savings,39,50290000.0,0.0,1
,0,0,0.0,Investment,1,5000000.0,0.0,0
,0,0,0.0,Savings,43,22000000.0,0.0,0
1.0,0,0,0.0,Savings,1,1000000.0,0.0,0
2.0,0,0,100000000.0,Savings,44,52617400.0,0.0,0
2.0,0,0,0.0,Savings,30,47000000.0,0.0,0
1.0,3,10,0.0,Savings,1,10000000.0,0.0,1
2.0,0,0,0.0,Savings,15,688009100.0,0.0,1
2.0,0,0,0.0,Investment,1,9443500.0,0.0,0
1.0,3,10,0.0,Savings,1,0.0,0.0,1
1.0,2,0,15000000.0,Investment,48,90990443.3497537,0.0,0
,0,0,100000000.0,Savings,55,88000000.0,0.0,0
2.0,0,0,100000000.0,Investment,10,9500000.0,0.0,0
2.0,0,0,1223400.0,Savings,3,30000.0,0.0,1
2.0,2,0,40000000.0,Investment,1,507500.0,0.0,1
2.0,2,0,5000000.0,Investment,1,384540.0,0.0,1
1.0,2,0,15000000.0,Investment,2,1100000.0000000002,0.0,1
,0,0,0.0,Savings,71,116000000.0,0.0,0
,2,0,0.0,Savings,37,21699800.0,0.0,1
1.0,2,0,15000000.0,Savings,26,30000000.0,0.0,1
,0,0,0.0,Investment,1,10000000.0,0.0,0
2.0,3,15,81809700.0,Savings,401,959196000.0,0.0,0
2.0,3,0,0.0,Savings,27,150000000.0,0.0,0
1.0,0,0,0.0,Savings,1,100000.0,0.0,0
2.0,2,0,5000000.0,Investment,1,10150.0,0.0,1
2.0,0,0,0.0,Savings,1,10000.0,0.0,1
1.0,2,0,100000000.0,Investment,1,3845400.0,0.0,1
2.0,0,0,0.0,Savings,1,200000.0,0.0,0
1.0,0,0,18000000.0,Savings,14,17000000.0,0.0,0
2.0,2,15,0.0,Savings,3,1500000.0,30000.0,1
2.0,2,0,40000000.0,Savings,1,60000.0,0.0,1
1.0,0,0,0.0,Savings,96,5800000.0,0.0,0
2.0,3,0,1000000.0,Savings,5,1250000.0,0.0,1
2.0,1,0,800000000.0,Investment,2,200000.0,0.0,0
1.0,0,0,10000000.0,Savings,33,5610000.0,0.0,1
1.0,3,0,0.0,Savings,4,3000000.0,0.0,0
2.0,2,0,8000000.0,Savings,365,0.0,0.0,0
2.0,2,0,8000000.0,Savings,5,3000000.0,0.0,0
2.0,2,0,0.0,Savings,108,15300000.0,0.0,0
1.0,3,0,0.0,Investment,4,8171440.0,0.0,1
2.0,0,0,0.0,Savings,8,5000000.0,0.0,0
,0,0,0.0,Investment,13,10901000.0,0.0,0
2.0,0,0,0.0,Savings,28,1150020000.0,0.0,0
,0,0,0.0,Investment,1,20000000.0,0.0,0
2.0,0,0,0.0,Savings,59,196700100.0,0.0,0
1.0,3,10,0.0,Savings,680,6250000000.0,0.0,0
2.0,0,0,0.0,Investment,3,18887000.0,0.0,0
,0,0,0.0,Investment,1,2000000.0,0.0,0
,0,0,0.0,Savings,41,24000000.0,0.0,0
,0,0,2000000.0,Savings,1,500000.0,0.0,1
1.0,2,0,15000000.0,Investment,1,1522500.0,0.0,1
2.0,0,0,0.0,Savings,29,42000000.0,0.0,0
2.0,3,0,4344400.0,Savings,35,60000000.0,0.0,1
1.0,2,0,100000000.0,Savings,27,36310000.0,13770000.0,1
,0,0,0.0,Investment,1,50000000.0,0.0,0
,2,0,15000000.0,Investment,1,1015000.0,0.0,1
2.0,2,0,0.0,Savings,2,359900.0,40000.0,1
2.0,0,0,0.0,Investment,3,34850000.0,0.0,0
2.0,1,0,0.0,Savings,13,5000000.0,0.0,0
2.0,2,15,0.0,Investment,1,507500.0,0.0,1
,0,0,0.0,Investment,2,25000000.0,0.0,0
2.0,1,0,20000.0,Savings,28,14000000.0,0.0,1
2.0,0,0,10000000.0,Savings,7,530000.0,0.0,1
2.0,2,0,0.0,Investment,2,5450000.000000001,0.0,0
2.0,0,0,0.0,Savings,277,163000000.0,0.0,0
2.0,2,15,0.0,Savings,5,50000000.0,0.0,1
2.0,0,0,0.0,Savings,1,1000000.0,0.0,1
1.0,3,0,0.0,Investment,1,507500.0,0.0,1
1.0,0,0,10000000.0,Investment,10,270506890.0,0.0,0
2.0,0,0,0.0,Savings,1,10000000.0,0.0,1
,3,0,10000000.0,Savings,1,10000000.0,0.0,1
,2,0,8000000.0,Savings,1,10000.0,0.0,1
2.0,2,15,0.0,Savings,1,1000000.0,0.0,1
1.0,3,15,100000000.0,Investment,9,9075000.0,0.0,1
2.0,1,0,800000000.0,Savings,29,810000000.0,2900000.0,1
1.0,2,0,0.0,Investment,1,9443500.0,0.0,0
,3,0,0.0,Investment,5,49990200.0,0.0,1
2.0,2,0,15000000.0,Savings,12,9468000.0,0.0,1
2.0,0,0,100000000.0,Investment,1,1000000.0,0.0,1
2.0,2,0,0.0,Investment,1,1000000.0,0.0,1
,0,0,0.0,Savings,27,14000000.0,0.0,1
1.0,0,0,123400000.0,Savings,48,19000000.0,0.0,1
2.0,1,0,40000000.0,Investment,1,10150000.0,0.0,1
2.0,3,15,81809700.0,Savings,97,890000000.0,0.0,0
1.0,0,0,0.0,Savings,204,470000000.0,0.0,0
,0,0,0.0,Investment,2,41000200.0,0.0,0
1.0,3,10,0.0,Savings,3,300000.0,0.0,1
2.0,0,0,0.0,Savings,56,144000000.0,0.0,0
,0,0,0.0,Investment,1,5000000.0,0.0,0
2.0,3,15,81809700.0,Investment,3,1228150.0,0.0,1
,0,0,0.0,Savings,179,89000000.0,0.0,1
,3,0,0.0,Investment,4,13400000.0,0.0,1
,0,0,100000000.0,Savings,3,1010000.0,0.0,1
1.0,3,10,0.0,Savings,13,130000000.0,0.0,1
2.0,0,0,0.0,Savings,138,450000000.0,0.0,0
,0,0,0.0,Investment,1,10000000.0,0.0,0
2.0,2,0,100000000.0,Savings,4,12010000.0,0.0,1
2.0,0,0,0.0,Savings,1,500000.0,0.0,0
2.0,3,15,81809700.0,Savings,96,88000000.0,0.0,0
2.0,1,0,0.0,Savings,55,500035000.0,0.0,0
2.0,0,0,0.0,Investment,1,1000000.0,0.0,1
1.0,3,10,0.0,Savings,1,500000.0,0.0,1
1.0,3,0,0.0,Savings,58,14422300.0,0.0,0
2.0,0,0,0.0,Savings,41,3200000.0,0.0,1
1.0,2,0,15000000.0,Savings,32,32000000.0,0.0,1
1.0,3,10,0.0,Savings,7,18850000.0,3500000.0,1
,0,0,5000000.0,Savings,1,10000.0,0.0,1
1.0,0,0,0.0,Savings,141,492500000.0,0.0,0
1.0,2,0,15000000.0,Savings,11,6500000.0,0.0,0
1.0,0,0,0.0,Investment,23,771080000.0,0.0,0
2.0,0,0,0.0,Savings,1,10000.0,0.0,1
2.0,2,0,100000000.0,Savings,67,44800000.0,0.0,0
1.0,0,0,0.0,Savings,5,30000000.0,0.0,0
2.0,0,0,8000000.0,Investment,468,64277500.0,0.0,0
1.0,3,10,0.0,Savings,26,46000000.0,28600000.0,0
2.0,0,0,0.0,Savings,39,30000000.0,0.0,1
,0,0,1000000.0,Savings,1,500000.0,0.0,1
,1,0,0.0,Savings,3,30098000.0,0.0,1
1.0,2,0,100000000.0,Savings,1,2000000.0,0.0,1
,0,0,0.0,Savings,1,10000.0,0.0,1
2.0,2,0,2000000.0,Investment,2,0.0,0.0,1
1.0,0,0,0.0,Savings,140,351000000.0,0.0,0
2.0,2,15,0.0,Savings,7,3500000.0,267974.0,1
2.0,0,0,0.0,Savings,34,21000000.0,0.0,0
,0,0,0.0,Savings,1,1000000.0,0.0,0
1.0,3,10,0.0,Savings,39,14980000.0,593940399.0,1
2.0,2,0,40000000.0,Savings,3,30000.0,0.0,1
1.0,3,10,0.0,Savings,1,9500000.0,9690000.0,1
2.0,1,0,20000.0,Investment,1,384540.0,0.0,1
2.0,0,0,0.0,Savings,1,1000000.0,0.0,0
,0,0,0.0,Investment,2,35000000.0,0.0,0
2.0,2,0,100000000.0,Savings,586,653000000.0,0.0,0
2.0,0,0,100000000.0,Savings,7,7657186.0,0.0,0
2.0,3,15,81809700.0,Investment,1,1015000.0,0.0,1
1.0,3,10,0.0,Savings,2,15000.0,0.0,1
2.0,0,0,0.0,Investment,1,1903850.0,0.0,1
1.0,3,10,0.0,Savings,12,20000.0,0.0,1
1.0,2,0,15000000.0,Investment,1,5075000.0,0.0,1
1.0,0,0,1000000.0,Investment,1,507500.0,0.0,1
1.0,3,15,100000000.0,Investment,2,0.0,0.0,1
1.0,3,10,0.0,Savings,5,1120000.0,100000.0,1
,0,0,0.0,Investment,2,2500000.0,0.0,0
2.0,1,0,20000.0,Savings,33,2221200.0,0.0,1
2.0,2,0,5000000.0,Investment,1,507500.0,0.0,1
1.0,2,0,15000000.0,Savings,39,190000000.0,0.0,0
1.0,3,0,0.0,Savings,29,24170000.0,0.0,1
2.0,2,0,40000000.0,Savings,6,3045500.0,0.0,1
,0,0,0.0,Investment,1,7500000.000000001,0.0,0
1.0,3,0,0.0,Investment,1,0.0,0.0,0
,0,0,0.0,Savings,42,72000000.0,0.0,0
2.0,0,0,0.0,Savings,3,1000000.0,0.0,0
2.0,3,15,81809700.0,Investment,2,20000000.000000004,0.0,1
1.0,0,0,0.0,Savings,107,64000000.0,0.0,0
,2,0,50000000.0,Savings,11,1439999900.0,0.0,1
2.0,1,0,20000.0,Savings,1,3234500.0,0.0,0
1.0,0,0,10000000.0,Savings,6,300000.0,0.0,1
2.0,3,15,81809700.0,Savings,1,0.0,0.0,1
2.0,2,0,8000000.0,Savings,200,1654400000.0,0.0,0
2.0,0,0,100000000.0,Investment,3,6000000.000000001,0.0,1
1.0,0,0,1000000.0,Investment,1,3845400.0,0.0,1
2.0,0,0,10000000.0,Investment,2,1319500.0,0.0,1
2.0,2,0,2000000.0,Investment,1,722160.0,0.0,1
1.0,0,0,0.0,Savings,122,200000000.0,0.0,0
2.0,1,0,20000.0,Investment,1,944350.0,0.0,0
2.0,2,0,0.0,Investment,1,2000000.0,0.0,1
1.0,3,0,0.0,Savings,52,33000000.0,0.0,0
2.0,3,15,81809700.0,Savings,3,5000000.0,0.0,1
1.0,0,0,0.0,Investment,1,1000000.0,0.0,1
1.0,2,0,100000000.0,Savings,28,120500000.0,0.0,0
2.0,0,0,0.0,Savings,29,85000000.0,0.0,0
1.0,2,0,100000000.0,Investment,8,17255000.0,0.0,1
1.0,2,0,1000000.0,Savings,93,28350000.0,0.0,0
2.0,0,0,9900000.0,Savings,29,130000000.0,0.0,0
2.0,2,15,5000000.0,Savings,4,2000000.0,0.0,1
,1,0,0.0,Investment,1,38454000.0,0.0,1
2.0,0,0,15000000.0,Savings,351,237200000.0,0.0,0
2.0,1,0,800000000.0,Savings,1,100000.0,0.0,1
1.0,0,0,1000000.0,Investment,1,384540.0,0.0,1
2.0,0,0,0.0,Savings,1,10000.0,0.0,1
2.0,0,0,15000000.0,Savings,1,5000000.0,0.0,0
1.0,0,0,0.0,Savings,4,1100000.0,0.0,0
1.0,0,0,0.0,Savings,102,553000000.0,0.0,0
2.0,0,0,0.0,Savings,42,750000.0,0.0,0
,0,0,0.0,Savings,220,104000000.0,0.0,0
2.0,0,0,0.0,Investment,1,1000000.0,0.0,1
2.0,2,15,0.0,Savings,5,2500000.0,0.0,1
1.0,0,0,0.0,Investment,1,10000000.000000002,0.0,1
2.0,2,15,5000000.0,Investment,1,0.0,0.0,0
2.0,3,15,100000000.0,Savings,9,11113000.0,0.0,1
1.0,2,0,100000000.0,Investment,12,20807500.0,0.0,1
2.0,0,0,0.0,Investment,1,49000000.0,0.0,0
2.0,2,0,40000000.0,Savings,7,9200000.0,0.0,1
2.0,0,0,100000000.0,Savings,1,2000000.0,0.0,1
2.0,3,15,81809700.0,Savings,42,9250000.0,0.0,1
2.0,2,0,40000000.0,Savings,1,897900.0,0.0,1
,3,0,0.0,Investment,25,18052000.0,0.0,1
2.0,3,15,100000000.0,Savings,20,3000000.0,0.0,0
1.0,0,0,100000000.0,Savings,1,10000.0,0.0,1
2.0,2,0,40000000.0,Investment,1,40200000.0,0.0,1
,0,0,0.0,Investment,1,2000000.0,0.0,0
2.0,2,20,0.0,Investment,4,27302340.0,0.0,1
2.0,2,0,40000000.0,Savings,43,21500000.0,0.0,1
2.0,0,0,8000000.0,Investment,1,2345400.0,0.0,1
2.0,0,0,12000000.0,Savings,6,40100000.0,0.0,0
2.0,3,15,81809700.0,Savings,423,75700000.0,0.0,0
2.0,0,0,0.0,Investment,9,71766600.0,0.0,0
2.0,2,0,5000000.0,Savings,1,100000.0,0.0,1
2.0,0,0,15000000.0,Savings,1,10000.0,0.0,1
1.0,3,10,0.0,Savings,1,1000000.0,0.0,1
,0,0,0.0,Savings,1,900000.0,0.0,1
2.0,0,0,0.0,Investment,1,5000000.000000001,0.0,1
2.0,2,0,100000000.0,Investment,1,7105000.0,0.0,1
2.0,2,0,5000000.0,Investment,2,203000.0,0.0,1
1.0,3,15,100000000.0,Investment,6,11165000.0,0.0,1
2.0,2,15,0.0,Savings,3,6000000.0,0.0,1
,0,0,0.0,Investment,1,900000.0000000001,0.0,1
1.0,3,0,0.0,Savings,21,42000000.0,0.0,0
1.0,0,0,0.0,Savings,269,162000000.0,0.0,0
2.0,0,0,0.0,Savings,32,40900000.0,0.0,0
2.0,0,0,8000000.0,Savings,3,1200000.0,0.0,1
2.0,3,15,81809700.0,Savings,1,1000000.0,0.0,1
1.0,0,0,0.0,Savings,2,20000.0,0.0,1
1.0,2,0,15000000.0,Savings,33,36000000.0,0.0,1
2.0,2,0,40000000.0,Investment,2,1030450.0,0.0,1
1.0,0,0,1000000.0,Savings,2,2000000.0,0.0,0
2.0,0,0,0.0,Investment,1,1000000.0,0.0,1
,2,0,50000000.0,Savings,22,18000000.0,0.0,1
1.0,3,0,0.0,Savings,10,80000000.0,0.0,0
1.0,3,10,0.0,Savings,3,70000.0,0.0,1
2.0,0,0,0.0,Investment,13,11015221.674876846,0.0,1
1.0,3,10,0.0,Savings,1,10000.0,0.0,1
2.0,2,0,15000000.0,Investment,26,6363000.0,0.0,0
1.0,0,0,0.0,Savings,29,150000000.0,0.0,0
2.0,3,0,0.0,Investment,1,507500.0,0.0,1
1.0,3,0,0.0,Savings,5,8321100.0,0.0,1
2.0,2,0,10000000.0,Investment,1,1015000.0,0.0,1
2.0,0,0,0.0,Savings,1,1000000.0,0.0,1
2.0,2,15,0.0,Savings,57,32000000.0,0.0,0
2.0,0,0,0.0,Investment,1,5000000.000000001,0.0,1
2.0,2,20,0.0,Savings,38,68000000.0,0.0,0
1.0,3,15,100000000.0,Savings,1,10000000.0,0.0,1
2.0,2,0,5000000.0,Savings,3,1123400.0,0.0,1
2.0,0,0,100000000.0,Investment,1,10000000.000000002,0.0,0
1.0,0,0,0.0,Savings,96,4600000.0,0.0,0
1.0,2,0,15000000.0,Savings,39,144000000.0,0.0,0
2.0,2,15,5000000.0,Investment,1,5000000.0,0.0,0
1.0,3,15,100000000.0,Savings,84,400009600.0,0.0,0
2.0,3,0,1000000.0,Savings,35,73730500.0,0.0,0
1.0,2,0,1000000.0,Investment,1,30000.0,0.0,1
2.0,3,0,0.0,Savings,1,2000000.0,0.0,1
,0,0,0.0,Investment,1,5000000.0,0.0,0
2.0,2,0,0.0,Investment,1,12420642.0,0.0,1
1.0,3,10,0.0,Savings,1,0.0,0.0,1
,0,0,0.0,Savings,1,10000.0,0.0,1
2.0,2,0,5000000.0,Investment,1,101500.0,0.0,1
2.0,2,0,5000000.0,Savings,2,20000000.0,0.0,1
2.0,2,15,0.0,Savings,2,2000000.0,0.0,1
2.0,3,0,1000000.0,Investment,2,172550.0,0.0,1
1.0,3,0,0.0,Investment,2,1170800.0000000002,0.0,0
2.0,2,0,40000000.0,Savings,1,0.0,0.0,1
2.0,0,0,0.0,Savings,34,48000000.0,0.0,0
1.0,3,10,0.0,Savings,1,5500000.0,5771396.36,1
2.0,3,15,81809700.0,Savings,138,126500000.0,0.0,0
,0,0,0.0,Investment,1,2000000.0,0.0,0
,0,0,0.0,Savings,266,155000000.0,0.0,0
2.0,2,0,40000000.0,Savings,18,900000.0,0.0,1
,3,0,8000000.0,Investment,5,2300000.0,0.0,1
2.0,2,0,1000000.0,Investment,1,1000000.0,0.0,0
,0,0,0.0,Investment,1,500000.0,0.0,0
,0,0,8000000.0,Investment,2,5768100.0,0.0,1
1.0,0,0,0.0,Savings,95,47000000.0,0.0,0
2.0,3,0,1000000.0,Investment,3,2557800.0,0.0,1
,3,0,30000000.0,Savings,27,112010000.0,0.0,0
2.0,0,0,100000000.0,Savings,48,7980000.0,0.0,0
1.0,3,0,0.0,Investment,345,27858500.0,0.0,0
2.0,0,0,34444.0,Savings,1,2121200.0,0.0,1
,2,0,1000000000.0,Investment,1,3845400.0,0.0,1
1.0,2,0,15000000.0,Savings,23,11500000.0,0.0,1
,2,0,8000000.0,Savings,14,500000000.0,0.0,0
2.0,0,0,0.0,Savings,14,12000000.0,0.0,0
2.0,2,15,0.0,Investment,3,2507500.0,0.0,1
2.0,2,15,0.0,Investment,2,1507500.0,0.0,0
2.0,0,0,15000000.0,Savings,1,1000000.0,0.0,1
2.0,3,15,81809700.0,Investment,1,384540.0,0.0,1
2.0,2,0,5000000.0,Savings,7,410000.0,86100.0,1
2.0,3,0,1000000.0,Savings,1,50000.0,0.0,1
1.0,3,10,0.0,Investment,1,1001500.0,0.0,1
,0,0,100000000.0,Savings,2,20000.0,0.0,1
,0,0,0.0,Investment,2,3770000.0,0.0,1
2.0,2,0,40000000.0,Investment,3,10578900.0,0.0,1
2.0,0,15,0.0,Investment,3,15200000.0,0.0,0
1.0,2,0,15000000.0,Savings,44,15522200.0,0.0,1
,2,0,1000000000.0,Savings,62,5500000.0,0.0,1
1.0,3,10,0.0,Savings,6,2440000.0,0.0,1
1.0,3,0,0.0,Savings,2,3100000.0,0.0,1
2.0,2,0,5000000.0,Investment,2,111650.0,0.0,1
2.0,2,0,100000000.0,Savings,184,860000000.0,0.0,0
2.0,3,15,81809700.0,Savings,1,500000000.0,0.0,1
1.0,2,0,100000000.0,Savings,28,87500000.0,0.0,0
2.0,0,0,0.0,Savings,1,200000.0,0.0,0
1.0,0,0,0.0,Savings,139,400020000.0,0.0,0
1.0,2,0,0.0,Investment,1,4721750.0,0.0,1
1.0,3,0,0.0,Savings,10,20000000.0,0.0,1
2.0,3,15,100000000.0,Investment,1,0.0,0.0,1
1.0,3,10,0.0,Savings,1,0.0,0.0,1
1.0,0,0,10000000.0,Savings,20,3600000.0,0.0,1
1.0,0,0,0.0,Investment,1,566000.0,0.0,1
,0,0,0.0,Savings,1,434400.0,0.0,0
2.0,3,15,81809700.0,Investment,1,25375.0,0.0,1
,2,0,10000000.0,Investment,1,100000.0,0.0,1
2.0,0,0,0.0,Investment,1,9443500.0,0.0,0
,0,0,0.0,Savings,43,66000000.0,0.0,0
2.0,2,0,15000000.0,Investment,2,16496766.0,0.0,1
2.0,0,0,0.0,Savings,1,10000.0,0.0,1
2.0,0,0,0.0,Savings,2,2000000.0,0.0,0
1.0,3,15,100000000.0,Savings,83,5840000.0,0.0,0
2.0,1,0,800000000.0,Savings,20,180000.0,0.0,0
,3,0,8000000.0,Savings,1,10000000.0,0.0,1
1.0,0,0,0.0,Investment,1,1888700.0,0.0,1
1.0,3,10,0.0,Savings,2,0.0,0.0,1
,0,0,0.0,Savings,39,27000000.0,0.0,0
2.0,3,15,81809700.0,Investment,1,101500.0,0.0,1
2.0,3,15,81809700.0,Investment,54,53585221.67487685,0.0,0
,0,0,0.0,Investment,1,1015000.0,0.0,1
2.0,2,0,40000000.0,Savings,3,990000.0,0.0,1
,0,0,0.0,Investment,2,2000000.0,0.0,0
2.0,2,0,15000000.0,Investment,25,5158500.0,0.0,0
1.0,3,0,0.0,Savings,1,10000.0,0.0,1
1.0,3,10,0.0,Savings,1,500000.0,0.0,1
2.0,0,0,8000000.0,Savings,1,0.0,0.0,0
2.0,2,0,5000000.0,Savings,14,1000000.0,0.0,0
2.0,3,15,81809700.0,Savings,41,39000000.0,0.0,0
,0,0,0.0,Savings,1,10000.0,0.0,1
2.0,3,15,81809700.0,Investment,1,1015000.0,0.0,1
1.0,0,0,0.0,Savings,142,463750000.0,0.0,0
,0,0,0.0,Savings,1,1000000.0,0.0,1
2.0,0,0,100000000.0,Investment,1,100000.0,0.0,0
2.0,2,0,15000000.0,Investment,1,2030000.0,0.0,1
2.0,3,0,1000000.0,Savings,1,650000.0,0.0,1
1.0,0,0,0.0,Savings,1,100000.0,0.0,0
2.0,1,0,20000.0,Savings,1,1000000.0,0.0,0
2.0,3,15,81809700.0,Savings,1,100000.0,0.0,1
1.0,2,0,24000000.0,Investment,1,3807700.0,0.0,1
2.0,0,0,0.0,Savings,1,10000.0,0.0,1
2.0,1,0,20000.0,Savings,50,120000000.0,0.0,0
1.0,3,10,0.0,Savings,1,32323200.0,0.0,1
1.0,2,0,15000000.0,Savings,33,32410600.0,0.0,1
1.0,3,10,0.0,Savings,28,565600000.0,2185400000.0,1
2.0,2,0,0.0,Investment,1,384540.0,0.0,1
2.0,2,0,40000000.0,Investment,1,30000.0,0.0,1
1.0,0,0,0.0,Savings,11,70000000.0,0.0,0
2.0,1,0,20000.0,Savings,1,0.0,0.0,1
2.0,2,0,5000000.0,Savings,1,0.0,0.0,1
1.0,0,0,0.0,Savings,269,165000000.0,0.0,0
2.0,0,0,8000000.0,Savings,1,100000.0,0.0,1
1.0,0,0,0.0,Savings,1,10000.0,0.0,1
2.0,0,0,0.0,Savings,1,1000000.0,0.0,0
2.0,0,0,0.0,Savings,29,48000000.0,0.0,0
1.0,3,0,0.0,Investment,2,961350.0,0.0,1
2.0,2,15,0.0,Savings,1,1234468.0,0.0,1
2.0,0,0,0.0,Investment,1,1000000.0,0.0,1
2.0,3,15,81809700.0,Investment,544,6104769394.0,0.0,0
1.0,3,10,0.0,Savings,13,85000.0,0.0,1
2.0,1,0,20000.0,Savings,2,2000000.0,0.0,0
1.0,0,0,0.0,Savings,268,161000000.0,0.0,0
,0,0,0.0,Investment,3,50000000.0,0.0,0
2.0,3,15,81809700.0,Savings,1,500000000.0,0.0,1
2.0,2,15,0.0,Investment,6,2436000.0,0.0,1
2.0,3,15,81809700.0,Investment,43,469697.04433497536,0.0,0
2.0,0,0,0.0,Savings,1,10000.0,0.0,1
2.0,0,0,0.0,Savings,1,10000.0,0.0,0
2.0,3,15,81809700.0,Investment,6,30240600.0,0.0,1
2.0,0,0,10000000.0,Savings,40,18600000.0,0.0,0
1.0,2,0,15000000.0,Investment,1,2025000.0,0.0,1
2.0,0,0,100000000.0,Investment,1,38454000.0,0.0,1
1.0,2,0,100000000.0,Investment,13,19996080.0,0.0,1
,0,0,0.0,Savings,1,1000000.0,0.0,0
2.0,2,0,40000000.0,Investment,2,791540.0,0.0,1
,0,0,0.0,Savings,46,33000000.0,0.0,0
2.0,2,0,5000000.0,Investment,1,507500.0,0.0,1
2.0,2,15,0.0,Investment,15,4832650.0,0.0,1
1.0,2,0,15000000.0,Investment,1,2030000.0,0.0,1
2.0,2,0,40000000.0,Investment,2,1000110.8374384237,0.0,1
2.0,2,0,15000000.0,Savings,6,3000000.0,0.0,0
,0,0,0.0,Savings,1,10000000.0,0.0,0
2.0,0,0,0.0,Savings,139,390000000.0,0.0,0
2.0,0,0,0.0,Savings,8,15000000.0,0.0,0
2.0,1,0,20000.0,Savings,2,623400.0,0.0,1
1.0,0,0,1000000.0,Savings,1,1000000.0,0.0,1
2.0,2,0,100000000.0,Savings,2,6000000.0,0.0,1
1.0,3,10,0.0,Savings,4,1440000000.0,419600000.0,1
,0,0,0.0,Savings,5,10000000.0,0.0,0
,0,0,0.0,Savings,2,2000000.0,0.0,0
1.0,2,0,15000000.0,Investment,3,8070000.0,0.0,1
2.0,2,15,0.0,Savings,2,2000000.0,0.0,0
1.0,2,0,100000000.0,Savings,1,5000000.0,0.0,1
1.0,3,0,0.0,Savings,1,0.0,0.0,1
2.0,0,0,15000000.0,Savings,2,2000000.0,0.0,1
2.0,3,15,81809700.0,Investment,1,1015000.0,0.0,1
1.0,2,0,0.0,Savings,178,93000000.0,0.0,0
1.0,3,10,0.0,Investment,4,3136350.0,0.0,1
1.0,3,15,100000000.0,Investment,20,1610500.0,0.0,0
2.0,1,15,0.0,Savings,18,72050000.0,0.0,0
2.0,3,15,81809700.0,Investment,1,101500.0,0.0,1
2.0,2,15,0.0,Savings,5,3000000.0,0.0,0
2.0,2,0,0.0,Savings,14,630000.0,0.0,0
1.0,3,0,0.0,Savings,4,10000000.0,0.0,1
1.0,0,0,0.0,Savings,4,0.0,0.0,0
2.0,0,0,100000000.0,Savings,1,5000000.0,0.0,0
2.0,0,0,0.0,Savings,1,10000000.0,0.0,1
1.0,0,0,0.0,Savings,1,2000000.0,0.0,0
2.0,0,0,25000000.0,Savings,141,4244435000.0,0.0,0
,0,0,0.0,Investment,1,2000000.0,0.0,0
1.0,3,10,0.0,Savings,1,0.0,0.0,1
2.0,2,0,100000000.0,Savings,67,590000.0,0.0,0
1.0,2,0,15000000.0,Investment,3,4000000.000000001,0.0,0
1.0,0,0,15000000.0,Savings,18,155000000.0,0.0,0
2.0,3,15,81809700.0,Savings,581,51250000.0,0.0,0
2.0,0,0,12000000.0,Savings,4,22200000.0,0.0,0
2.0,2,0,5000000.0,Investment,2,10150000.0,0.0,1
2.0,2,15,0.0,Savings,5,2000000.0,0.0,0
1.0,0,0,0.0,Investment,1,4721750.0,0.0,0
,0,0,0.0,Investment,1,5000000.0,0.0,0
1.0,2,0,100000000.0,Investment,1,507500.0,0.0,1
,0,0,0.0,Investment,3,11200000.0,0.0,0
,0,0,0.0,Savings,1,8000000.0,0.0,0
2.0,0,50,0.0,Savings,1,10000.0,0.0,1
2.0,1,0,20000.0,Savings,49,32000000.0,0.0,0
1.0,0,0,0.0,Savings,3,100000.0,0.0,0
2.0,2,0,100000000.0,Investment,37,40247500.0,0.0,0
1.0,3,10,0.0,Savings,4,4000000.0,8000000.0,1
1.0,3,10,0.0,Savings,1,7500000.0,4000000.0,1
2.0,3,0,1000000.0,Investment,5,2644860.0,0.0,1
1.0,3,10,0.0,Savings,2,6464600.0,0.0,1
,2,0,0.0,Investment,1,10150000.0,0.0,1
1.0,3,0,0.0,Investment,1,9443500.0,0.0,0
,3,0,0.0,Savings,1,0.0,0.0,1
,0,0,15000000.0,Savings,85,2520000.0,0.0,1
2.0,3,15,81809700.0,Savings,1,0.0,0.0,1
2.0,3,15,23000000.0,Investment,30,544153000.0,0.0,0
1.0,3,10,0.0,Savings,1,0.0,0.0,1
1.0,3,10,0.0,Savings,1,100000.0,0.0,1
,0,0,25000000.0,Savings,60,215000000.0,0.0,0
1.0,2,0,15000000.0,Investment,48,23755110.837438423,0.0,0
2.0,2,0,5000000.0,Savings,2,1999800.0,0.0,1
2.0,3,15,81809700.0,Savings,2,6000000.0,0.0,1
2.0,0,0,0.0,Savings,1,800000.0,0.0,0
2.0,0,0,0.0,Investment,10,21423050.0,0.0,0
,0,0,0.0,Investment,2,2000000.0,0.0,0
,0,0,0.0,Savings,12,70000000.0,0.0,0
1.0,0,0,0.0,Savings,1,100000.0,0.0,0
2.0,0,0,0.0,Savings,41,32000000.0,0.0,1
2.0,0,0,0.0,Savings,5,68510000.0,0.0,0
2.0,0,0,0.0,Savings,1,10000.0,0.0,1
1.0,3,15,100000000.0,Savings,12,24000000.0,0.0,1
2.0,1,0,20000.0,Savings,42,200000000.0,0.0,1
2.0,3,15,100000000.0,Savings,1,10000.0,0.0,1
2.0,0,0,0.0,Savings,1,10000.0,0.0,0
2.0,3,15,81809700.0,Savings,2,300000.0,0.0,1
2.0,0,0,0.0,Savings,25,13000000.0,0.0,1
1.0,3,10,0.0,Savings,25,1491600.0,500000.0,0
2.0,0,0,0.0,Savings,1,10000000.0,0.0,0
1.0,3,10,0.0,Savings,1,10000000.0,0.0,1
1.0,3,10,0.0,Savings,2,1000000.0,0.0,1
2.0,0,0,0.0,Savings,1,10000.0,0.0,1
,0,0,0.0,Investment,1,5000000.0,0.0,0
1.0,3,15,100000000.0,Savings,2,11000000.0,0.0,1
1.0,0,0,0.0,Savings,2,1200000.0,0.0,1
1.0,0,0,0.0,Investment,16,53045665.02463055,0.0,0
2.0,2,15,0.0,Investment,2,1522500.0,0.0,1
2.0,0,0,0.0,Savings,3,1000000.0,0.0,0
2.0,0,0,100000000.0,Investment,8,912000.0,0.0,0
2.0,3,15,81809700.0,Investment,1,101500.0,0.0,1
,0,0,0.0,Investment,2,6500000.0,0.0,0
2.0,2,20,0.0,Savings,39,37000000.0,0.0,0
,3,0,0.0,Savings,8,21000000.0,0.0,0
1.0,2,0,24000000.0,Savings,1,5000000.0,0.0,0
,0,0,0.0,Investment,1,2000000.0,0.0,0
,0,0,0.0,Investment,1,25000000.0,0.0,0
,0,0,0.0,Savings,1,322300.0,0.0,1
1.0,0,0,10000000.0,Investment,24,6331500.0,0.0,0
,0,0,0.0,Savings,42,38000000.0,0.0,0
1.0,3,15,100000000.0,Savings,115,13350000.0,0.0,1
1.0,0,0,25000000.0,Investment,2,40400000.0,0.0,1
2.0,0,0,100000000.0,Investment,9,69003000.0,0.0,0
2.0,1,0,20000.0,Savings,2,2000000.0,0.0,0
,0,0,0.0,Savings,221,113000000.0,0.0,0
2.0,2,15,0.0,Investment,16,30467620.0,0.0,0
1.0,0,0,0.0,Savings,1,0.0,0.0,1
1.0,3,10,0.0,Savings,30,65153400.0,0.0,0
1.0,3,0,0.0,Savings,112,56000000.0,0.0,1
,3,0,0.0,Savings,1,10000.0,0.0,1
2.0,2,15,0.0,Savings,13,5579000.0,0.0,1
1.0,2,0,15000000.0,Savings,32,32000000.0,0.0,1
2.0,0,0,0.0,Savings,12,45000000.0,0.0,0
1.0,0,0,0.0,Savings,28,42000000.0,0.0,0
2.0,0,0,0.0,Savings,29,14000000.0,0.0,0
1.0,3,15,100000000.0,Savings,1,400000.0,0.0,1
1.0,2,0,15000000.0,Investment,1,4721750.0,0.0,0
,0,0,0.0,Savings,1,10000.0,0.0,1
2.0,2,0,40000000.0,Savings,6,12000000.0,0.0,1
2.0,2,0,15000000.0,Savings,1,4000000.0,220040.0,1
1.0,3,0,0.0,Savings,12,11070000.0,0.0,1
2.0,0,0,0.0,Investment,1,400000.00000000006,0.0,1
,0,0,0.0,Savings,1,10000.0,0.0,1
,0,0,0.0,Savings,15,600000000.0,0.0,0
2.0,2,0,0.0,Investment,4,45487000.0,0.0,1
2.0,0,0,0.0,Savings,11,7000000.0,0.0,0
1.0,3,10,0.0,Savings,1,10000000.0,0.0,1
2.0,2,0,100000000.0,Savings,52,2400000.0,0.0,0
2.0,0,0,30000000.0,Savings,22,35000000.0,0.0,0
1.0,2,0,1000000.0,Savings,29,270000000.0,0.0,0
1.0,3,0,0.0,Savings,31,112929900.0,0.0,0
2.0,2,0,40000000.0,Savings,3,2600000.0,0.0,1
2.0,1,0,0.0,Investment,1,1015000.0,0.0,1
2.0,3,0,1000000.0,Investment,16,67197500.0,0.0,1
2.0,2,0,40000000.0,Savings,7,20030000.0,0.0,1
1.0,0,0,1000000.0,Investment,4,30600000.0,0.0,1
2.0,2,0,5000000.0,Savings,4,20000000.0,0.0,1
1.0,2,0,15000000.0,Savings,2,200000.0,0.0,1
1.0,0,0,0.0,Savings,271,7901000000.0,0.0,0
2.0,3,15,81809700.0,Savings,49,508470000.0,0.0,0
2.0,0,0,0.0,Savings,1,10000.0,0.0,1
1.0,2,0,0.0,Investment,3,16000000.000000002,0.0,1
1.0,3,10,0.0,Savings,1,0.0,0.0,1
2.0,3,0,1000000.0,Savings,1,500000.0,0.0,1
2.0,3,0,1000000.0,Savings,3,15000000.0,0.0,1
,0,0,100000000.0,Investment,54,153278325.1231527,0.0,0
2.0,0,0,0.0,Savings,11,9000000.0,0.0,0
1.0,3,15,100000000.0,Savings,184,1710110000.0,114513630960.0,1
1.0,0,0,0.0,Investment,1,2000000.0,0.0,1
1.0,3,10,0.0,Savings,6,0.0,0.0,1
2.0,0,0,0.0,Savings,4,5000000.0,0.0,0
1.0,3,10,0.0,Investment,3,30602.0,0.0,1
,0,0,0.0,Investment,1,50000000.0,0.0,0
2.0,0,0,0.0,Savings,1,10000.0,0.0,1
1.0,0,0,0.0,Investment,1,4721750.0,0.0,1
,0,0,0.0,Savings,9,7000000.0,0.0,0
2.0,0,0,0.0,Savings,4,40000.0,0.0,0
2.0,0,0,0.0,Savings,1,5000000.0,0.0,0
2.0,3,15,81809700.0,Investment,1,38454000.0,0.0,1
1.0,3,10,0.0,Savings,7,70000000.0,140000000.0,1
1.0,0,0,0.0,Savings,98,74000000.0,0.0,0
2.0,0,0,30000000.0,Investment,1,0.0,0.0,0
1.0,3,10,0.0,Savings,8,80000.0,652360.0,1
2.0,2,0,100000000.0,Investment,9,181000000.0,0.0,1
2.0,3,15,81809700.0,Savings,142,1271080000.0,0.0,0
2.0,0,0,0.0,Investment,3,20000000.0,0.0,0
2.0,0,0,0.0,Investment,1,1000000.0,0.0,1
,0,0,0.0,Savings,1,10000.0,0.0,1
1.0,0,0,25000000.0,Savings,3,10010000.0,0.0,1
2.0,2,0,15000000.0,Savings,1,457700.0,0.0,1
2.0,2,20,0.0,Savings,38,34000000.0,57000000.0,0
,0,0,0.0,Savings,9,30000000.0,0.0,0
2.0,3,15,81809700.0,Savings,41,200000000.0,0.0,0
1.0,2,0,15000000.0,Investment,2,1007500.0,0.0,1
,2,0,0.0,Savings,14,55000000.0,0.0,0
1.0,3,10,0.0,Savings,1,500000.0,0.0,1
2.0,2,15,0.0,Savings,5,2500000.0,0.0,1
2.0,2,0,40000000.0,Investment,4,15732500.0,0.0,1
2.0,1,0,0.0,Investment,2,1015000.0,0.0,1
1.0,0,0,15000000.0,Savings,59,58000000.0,0.0,0
2.0,2,15,0.0,Investment,101,2000000.0,0.0,1
2.0,0,0,0.0,Savings,2,210000.0,0.0,1
2.0,0,0,0.0,Savings,30,39000000.0,0.0,0
,0,0,0.0,Savings,10,6000000.0,0.0,0
1.0,0,0,25000000.0,Savings,46,210000000.0,0.0,0
2.0,0,0,0.0,Investment,1,1015000.0,0.0,1
2.0,0,15,40000000.0,Savings,15,110000000.0,0.0,0
2.0,0,0,1223400.0,Savings,41,18010000.0,0.0,0
2.0,0,0,8000000.0,Savings,1,10000.0,0.0,1
2.0,0,0,0.0,Investment,1,10000000.000000002,0.0,1
2.0,2,0,0.0,Savings,1,10000000.0,0.0,0
1.0,0,0,0.0,Investment,4,11000000.000000002,0.0,0
2.0,2,0,40000000.0,Investment,1,33799.0,0.0,1
1.0,0,0,0.0,Investment,1,5000000.000000001,0.0,1
2.0,2,0,40000000.0,Investment,2,124033.0,0.0,1
2.0,2,0,5000000.0,Savings,1,1000000.0,0.0,1
2.0,3,15,81809700.0,Investment,1,10150000.0,0.0,1
1.0,3,0,0.0,Investment,2,200000.00000000003,0.0,1
2.0,3,15,81809700.0,Savings,232,2310000000.0,0.0,1
2.0,1,0,20000.0,Investment,2,13345600.0,0.0,0
2.0,0,0,0.0,Investment,1,1000000.0,0.0,0
2.0,2,0,0.0,Investment,1,507500.0,0.0,1
1.0,2,0,15000000.0,Savings,3,5000000.0,0.0,1
2.0,0,0,8000000.0,Investment,2,8309080.0,0.0,1
1.0,3,10,0.0,Savings,1,1000.0,0.0,1
1.0,3,0,0.0,Savings,2,40000.0,143506.0,1
2.0,0,0,1223400.0,Savings,12,810000.0,0.0,0
,1,0,8000000.0,Investment,2,769080.0,0.0,1
2.0,2,15,0.0,Savings,3,700000.0,0.0,1
1.0,3,10,0.0,Investment,2,10150.0,0.0,1
,0,0,0.0,Savings,2,2000000.0,0.0,0
1.0,3,10,0.0,Savings,2,11000000.0,0.0,1
2.0,2,15,0.0,Savings,5,10000000.0,0.0,1
2.0,0,0,0.0,Savings,11,8000000.0,0.0,0
2.0,0,0,0.0,Investment,1,377000.0,0.0,1
,0,0,0.0,Savings,44,78000000.0,0.0,0
1.0,3,0,0.0,Savings,1,140000.0,0.0,0
1.0,2,0,1000000.0,Savings,120,54000000.0,0.0,0
2.0,2,15,0.0,Savings,7,66000000.0,0.0,0
,0,0,0.0,Investment,1,50000000.0,0.0,0
2.0,3,0,1000000.0,Savings,1,500000.0,0.0,1
2.0,0,0,0.0,Investment,1,1888700.0,0.0,0
2.0,3,0,4344400.0,Investment,2,1230528.0,0.0,1
,0,0,0.0,Investment,1,5000000.0,0.0,0
1.0,3,10,0.0,Savings,1,1000000.0,30000.0,1
2.0,2,0,5000000.0,Investment,1,10150.0,0.0,1
2.0,0,0,0.0,Investment,1,10000000.0,0.0,1
1.0,0,0,0.0,Savings,1,100000.0,0.0,0
2.0,3,0,0.0,Investment,2,10657500.0,0.0,1
2.0,1,0,20000.0,Investment,2,384540.0,0.0,1
2.0,2,0,100000000.0,Investment,1,0.0,0.0,1
1.0,2,0,100000000.0,Investment,1,507500.0,0.0,1
2.0,2,0,40000000.0,Investment,2,769080.0,0.0,1
2.0,2,15,0.0,Savings,1,1000000.0,0.0,1
1.0,2,0,100000000.0,Savings,1,500000.0,0.0,1
,0,0,0.0,Investment,13,9015000.0,0.0,0
2.0,0,0,0.0,Investment,1,250000.00000000003,0.0,0
2.0,3,15,81809700.0,Investment,2,20300.0,0.0,1
2.0,3,0,0.0,Savings,25,276000000.0,0.0,0
1.0,3,10,0.0,Savings,3,120000.0,30000.0,1
2.0,0,0,0.0,Savings,63,148057600.0,0.0,0
,0,0,0.0,Investment,3,17000000.0,0.0,0
2.0,0,0,0.0,Savings,1,10000.0,0.0,1
1.0,3,10,0.0,Savings,1,0.0,0.0,1
,0,0,0.0,Savings,21,26000000.0,0.0,1
2.0,2,15,0.0,Investment,18,14902900.0,0.0,1
1.0,3,10,0.0,Savings,7,11360000.0,0.0,1
1.0,2,0,25000000.0,Savings,1,0.0,0.0,1
1.0,0,0,0.0,Investment,1,4721750.0,0.0,0
2.0,0,0,0.0,Savings,9,6000000.0,0.0,0
1.0,0,0,0.0,Savings,1,50000000.0,0.0,1
2.0,2,15,0.0,Savings,1,500000.0,0.0,1
2.0,1,0,0.0,Savings,27,11640500.0,0.0,0
2.0,3,15,81809700.0,Savings,74,32500000.0,0.0,0
2.0,2,0,40000000.0,Investment,2,30707500.0,0.0,1
2.0,2,0,15000000.0,Savings,12,9993600.0,0.0,1
1.0,3,0,0.0,Savings,5,3500000.0,0.0,1
2.0,3,15,81809700.0,Investment,1,10150.0,0.0,1
2.0,0,0,0.0,Savings,16,54100000.0,0.0,0
,0,0,15000000.0,Savings,26,33000000.0,0.0,0
2.0,2,20,0.0,Savings,38,170000000.0,0.0,0
2.0,3,0,0.0,Savings,1,0.0,0.0,1
2.0,0,0,0.0,Savings,47,33000000.0,0.0,0
2.0,2,0,0.0,Savings,63,64010000.0,0.0,1
,0,0,0.0,Investment,1,50000000.0,0.0,0
,0,0,0.0,Investment,1,2000000.0,0.0,0
2.0,2,0,15000000.0,Savings,1,2000000.0,0.0,1
2.0,0,0,0.0,Savings,1,5000000.0,0.0,1
2.0,0,0,0.0,Savings,8,62000000.0,0.0,0
2.0,3,0,1000000.0,Savings,14,7000000.0,0.0,1
1.0,3,0,0.0,Savings,7,70000.0,0.0,0
2.0,0,0,0.0,Savings,280,169000000.0,0.0,0
,3,0,8000000.0,Savings,1,1000000.0,0.0,1
2.0,2,0,40000000.0,Savings,66,660000.0,0.0,1
2.0,0,0,100000000.0,Savings,22,50000000.0,0.0,0
,2,0,8000000.0,Investment,337,1577730000.0,0.0,0
2.0,0,0,15000000.0,Savings,1,10000.0,0.0,1
,0,0,0.0,Investment,1,5000000.0,0.0,0
2.0,2,0,5000000.0,Investment,15,2852000.0,0.0,1
,2,0,1000000000.0,Savings,1,20000.0,0.0,1
2.0,3,15,81809700.0,Savings,5,3633300.0,0.0,1
2.0,0,0,1000000.0,Savings,5,42500000.0,0.0,0
2.0,2,0,100000000.0,Savings,52,500000.0,0.0,0
1.0,3,10,0.0,Savings,1,0.0,0.0,1
2.0,3,15,81809700.0,Investment,1,1000000.0,0.0,1
2.0,0,0,0.0,Savings,1,1000000.0,0.0,1
1.0,0,0,0.0,Savings,1,10000.0,0.0,1
1.0,3,0,0.0,Investment,3,2800000.0000000005,0.0,1
1.0,0,0,0.0,Savings,8,1000000.0,0.0,0
1.0,3,10,0.0,Savings,2,0.0,0.0,1
2.0,3,15,81809700.0,Investment,6,30686292.0,0.0,1
,0,0,0.0,Savings,1,100000.0,0.0,0
2.0,2,0,5000000.0,Investment,2,517650.0,0.0,1
,0,0,0.0,Investment,1,0.0,0.0,0
2.0,0,0,0.0,Savings,270,504000000.0,0.0,0
2.0,0,0,0.0,Investment,1,47217500.0,0.0,1
2.0,0,0,0.0,Savings,4,1000000.0,0.0,0
1.0,0,0,0.0,Savings,274,159000000.0,0.0,0
,0,0,0.0,Investment,2,30000000.0,0.0,0
2.0,0,0,30000000.0,Savings,8,60000000.0,0.0,0
1.0,3,10,0.0,Savings,7,255100000.0,420000000.0,1
2.0,3,15,100000000.0,Investment,1,0.0,0.0,1
1.0,3,10,0.0,Savings,5,50000000.0,0.0,1
2.0,3,15,81809700.0,Investment,1,3845400.0,0.0,1
,0,0,8000000.0,Savings,1,0.0,0.0,0
,2,0,35000000.0,Savings,20,60000000.0,0.0,1
2.0,0,0,20000000.0,Savings,10,100000000.0,0.0,1
2.0,0,0,0.0,Savings,10,21000000.0,0.0,0
1.0,2,0,1000000.0,Savings,10,7550000.0,0.0,1
2.0,3,15,81809700.0,Savings,190,499399200.0,0.0,0
,0,0,0.0,Investment,1,5000000.0,0.0,0
2.0,2,0,5000000.0,Investment,1,10150.0,0.0,1
2.0,1,0,40000000.0,Investment,1,203000.0,0.0,1
2.0,3,0,0.0,Savings,6,1060000.0,0.0,1
1.0,0,0,0.0,Savings,1,10000.0,0.0,1
2.0,2,0,0.0,Investment,1,1000000.0,0.0,1
1.0,0,0,25000000.0,Investment,1,20200000.0,0.0,1
2.0,2,0,40000000.0,Investment,1,45675.0,0.0,1
2.0,3,0,1000000.0,Savings,16,15000000.0,0.0,0
2.0,2,0,5000000.0,Investment,1,10150.0,0.0,1
2.0,2,15,0.0,Savings,145,110894400.0,0.0,0
1.0,3,10,0.0,Savings,1,0.0,0.0,1
1.0,3,0,0.0,Investment,1,1015000.0,0.0,1
,0,0,8000000.0,Savings,36,4800000.0,0.0,0
2.0,0,0,100000000.0,Investment,9,1800000.0,0.0,0
,3,0,8000000.0,Investment,29,13483000.0,0.0,1
2.0,2,0,0.0,Savings,1,200000.0,0.0,1
1.0,3,15,100000000.0,Savings,39,450000000.0,0.0,1
,0,0,0.0,Savings,29,16000000.0,0.0,0
1.0,2,0,15000000.0,Savings,10,9000000.0,0.0,0
2.0,2,0,8000000.0,Savings,43,37900000.0,0.0,0
2.0,0,0,0.0,Savings,1,1000000.0,0.0,1
2.0,3,15,23000000.0,Investment,1,7612500.0,0.0,1
2.0,3,15,81809700.0,Savings,45,29250000.0,0.0,0
2.0,1,0,0.0,Investment,1,1922700.0,0.0,1
1.0,0,0,0.0,Savings,137,400000000.0,0.0,0
2.0,2,0,40000000.0,Investment,2,38838540.0,0.0,1
2.0,2,20,0.0,Investment,2,76908000.0,0.0,1
1.0,0,0,0.0,Savings,1,0.0,0.0,1
2.0,0,0,100000000.0,Investment,1,384540.0,0.0,1
2.0,0,0,0.0,Savings,1,10000000.0,0.0,0
1.0,0,0,0.0,Savings,27,25000000.0,0.0,0
2.0,3,0,25000000.0,Investment,354,12508400000.0,0.0,0
1.0,3,10,0.0,Savings,1,10000000.0,0.0,1
,0,0,0.0,Savings,217,105000000.0,0.0,0
2.0,2,15,0.0,Savings,1,0.0,0.0,1
2.0,0,0,0.0,Savings,276,0.0,0.0,0
2.0,3,0,1000000.0,Investment,1,5075000.0,0.0,1
1.0,0,0,0.0,Investment,1,300000.0,0.0,1
1.0,3,10,0.0,Investment,2,10160150.0,0.0,1
2.0,0,0,0.0,Investment,1,4721750.0,0.0,1
2.0,3,0,4344400.0,Investment,1,900000.0,0.0,1
2.0,3,15,81809700.0,Savings,126,445048000.0,0.0,0
2.0,2,0,2000000.0,Investment,1,384540.0,0.0,1
2.0,0,0,15000000.0,Savings,1,5000000.0,0.0,0
2.0,3,0,1000000.0,Savings,11,3925000.0,0.0,1
1.0,0,0,0.0,Investment,2,2000000.0,0.0,1
2.0,0,0,12000000.0,Savings,1,2700000.0,0.0,0
2.0,2,0,100000000.0,Investment,1,3845400.0,0.0,1
1.0,0,0,0.0,Savings,1,100000.0,0.0,0
1.0,2,0,100000000.0,Savings,5,1300000.0,500000.0,1
2.0,3,15,23000000.0,Investment,1,101500.0,0.0,1
2.0,0,0,0.0,Investment,1,18887000.0,0.0,1
2.0,2,20,0.0,Savings,6,1179900.0,9000000.0,1
2.0,0,0,100000000.0,Savings,69,34800000.0,0.0,0
1.0,0,0,0.0,Investment,18,46513200.0,0.0,0
2.0,2,0,40000000.0,Investment,1,507500.0,0.0,1
2.0,2,0,5000000.0,Investment,3,30450.0,0.0,1
1.0,0,0,18000000.0,Savings,115,124000000.0,0.0,0
2.0,2,0,0.0,Investment,1,4721750.0,0.0,1
1.0,2,0,15000000.0,Savings,6,120000.0,0.0,1
2.0,3,15,81809700.0,Savings,47,375000000.0,0.0,0
1.0,3,10,0.0,Savings,2,20000.0,0.0,1
,0,0,0.0,Savings,1,1000000.0,0.0,0
2.0,0,15,40000000.0,Investment,1,1000000.0,0.0,1
2.0,0,0,0.0,Savings,33,57000000.0,0.0,0
2.0,3,15,81809700.0,Savings,38,180000000.0,0.0,0
2.0,0,0,0.0,Investment,8,3750000.0,0.0,0
2.0,2,0,40000000.0,Savings,5,50000000.0,0.0,1
2.0,0,0,0.0,Savings,49,1650000000.0,0.0,0
1.0,3,10,0.0,Savings,1,2000000.0,2040000.0,1
2.0,2,0,40000000.0,Savings,5,29530000.0,0.0,1
2.0,0,0,10000000.0,Savings,40,37000000.0,0.0,0
,0,0,0.0,Savings,273,158000000.0,0.0,0
2.0,3,15,81809700.0,Investment,10,10075000.0,0.0,1
2.0,0,0,0.0,Savings,2,2000000.0,0.0,0
2.0,0,0,3000000.0,Savings,52,11020000.0,0.0,0
2.0,2,0,40000000.0,Investment,6,2639000.0,0.0,1
2.0,3,0,0.0,Savings,2,100000.0,0.0,1
2.0,0,0,30000000.0,Investment,1,18887000.0,0.0,0
,0,0,0.0,Investment,1,2000000.0,0.0,0
,0,0,0.0,Savings,5,30000000.0,0.0,0
2.0,0,0,0.0,Savings,53,173646300.0,0.0,0
2.0,2,0,40000000.0,Savings,1,800000.0,0.0,1
1.0,2,0,15000000.0,Savings,28,830000.0,0.0,1
,0,0,0.0,Savings,1,2300000.0,0.0,0
2.0,2,20,0.0,Savings,20,17000000.0,0.0,0
1.0,3,0,0.0,Savings,75,314500000.0,0.0,0
,0,0,0.0,Savings,1,1000000.0,0.0,0
2.0,2,0,40000000.0,Savings,3,610000.0,0.0,1
,0,0,0.0,Savings,3,10020000.0,0.0,0
2.0,0,0,0.0,Savings,11,24000000.0,0.0,0
1.0,2,0,100000000.0,Savings,81,8500000.0,0.0,0
1.0,2,0,100000000.0,Savings,3,25685000.0,0.0,1
2.0,2,0,5000000.0,Investment,1,3845400.0,0.0,1
,1,0,0.0,Investment,77,192850000.0,0.0,1
1.0,3,0,0.0,Investment,3,452000.00000000006,0.0,0
2.0,2,0,40000000.0,Savings,4,80000.0,200000.0,1
2.0,2,0,5000000.0,Investment,4,21315000.0,0.0,1
1.0,2,0,15000000.0,Investment,1,203000.0,0.0,1
2.0,0,0,100000000.0,Investment,2,6015000.000000001,0.0,0
,0,0,0.0,Savings,41,24000000.0,0.0,0
2.0,3,0,0.0,Savings,1,200000.0,0.0,0
2.0,2,0,1000000.0,Investment,2,2030000.0,0.0,1
1.0,3,10,0.0,Investment,25,231800.0,0.0,0
1.0,3,10,0.0,Savings,6,1000000.0,0.0,1
1.0,3,15,100000000.0,Savings,414,190240000.0,3891600000.0,0
2.0,0,0,0.0,Savings,2,6000000.0,0.0,1
2.0,2,15,0.0,Investment,3,1522500.0,0.0,1
2.0,0,0,15000000.0,Investment,1,10000000.000000002,0.0,1
,0,0,0.0,Savings,29,12000000.0,0.0,0
2.0,0,0,0.0,Savings,2,20000.0,0.0,1
,0,0,25000000.0,Savings,1,15000000.0,0.0,0
1.0,2,0,15000000.0,Investment,2,444000.0000000001,0.0,0
1.0,3,10,0.0,Savings,1,0.0,0.0,1
1.0,0,0,0.0,Investment,5,95379350.0,0.0,0
1.0,2,0,25000000.0,Savings,3,2010000.0,0.0,1
2.0,0,0,0.0,Savings,137,440000000.0,0.0,0
2.0,0,0,100000000.0,Investment,1,1015000.0,0.0,1
1.0,3,0,0.0,Investment,1,200000.00000000003,0.0,0
1.0,0,0,10000000.0,Savings,3,1300000.0,0.0,1
1.0,3,10,0.0,Savings,2,20000000.0,0.0,1
,0,0,8000000.0,Investment,46,103971150.0,0.0,0
2.0,0,0,0.0,Savings,30,51000000.0,0.0,0
,0,0,0.0,Savings,5,22000000.0,0.0,0
2.0,2,0,0.0,Investment,1,1000000.0,0.0,1
2.0,0,0,0.0,Savings,147,509999800.0,0.0,0
1.0,3,10,0.0,Savings,4,1600000.0,0.0,1
2.0,0,0,10000000.0,Investment,1,507500.0,0.0,1
,0,0,0.0,Investment,2,400000.0,0.0,0
1.0,3,10,0.0,Savings,3,300000.0,0.0,1
2.0,2,15,0.0,Savings,1,500000.0,0.0,1
2.0,2,0,40000000.0,Investment,3,2960958.0,0.0,1
1.0,2,0,15000000.0,Savings,7,32700000.0,0.0,0
2.0,3,0,0.0,Investment,2,100000.0,0.0,0
1.0,3,0,0.0,Savings,12,165200000.0,0.0,1
2.0,0,0,8000000.0,Savings,315,20679900.0,0.0,0
1.0,2,0,15000000.0,Savings,2,6000000.0,0.0,1
,0,0,0.0,Investment,2,11000000.000000002,0.0,1
,0,0,0.0,Investment,1,2000000.0,0.0,0
1.0,0,0,0.0,Investment,1,1000000.0,0.0,1
2.0,2,15,0.0,Savings,1,500000.0,0.0,1
1.0,3,10,0.0,Savings,2,1100000.0,0.0,1
2.0,3,0,0.0,Investment,1,507500.0,0.0,1
,0,0,0.0,Savings,1,500000.0,0.0,0
2.0,2,0,5000000.0,Investment,1,10150.0,0.0,1
2.0,0,0,0.0,Savings,2,2000000.0,0.0,0
2.0,1,0,800000000.0,Investment,1,20200000.0,0.0,1
1.0,0,0,0.0,Savings,3,100000.0,0.0,0
2.0,2,0,100000000.0,Savings,53,1090000.0,0.0,0
1.0,2,0,15000000.0,Savings,1,10000.0,0.0,1
2.0,0,0,100000000.0,Savings,52,36000000.0,0.0,0
1.0,3,0,0.0,Savings,1,1000000.0,0.0,1
1.0,3,10,0.0,Savings,9,14500000.0,90000000.0,1
2.0,0,0,0.0,Savings,4,2000000.0,0.0,0
,0,0,0.0,Savings,1,9000000.0,0.0,0
1.0,2,0,15000000.0,Investment,46,83900443.3497537,0.0,0
2.0,0,0,0.0,Savings,1,10000.0,0.0,1
2.0,0,0,0.0,Savings,1,500000.0,0.0,0
1.0,0,0,10000000.0,Savings,3,1200000.0,0.0,1
2.0,0,0,0.0,Savings,1,345500.0,0.0,0
2.0,0,0,100000000.0,Investment,1,1000000.0,0.0,1
2.0,0,0,12000000.0,Investment,1,5000000.000000001,0.0,0
2.0,2,0,15000000.0,Investment,1,5075000.0,0.0,1
2.0,3,15,81809700.0,Savings,46,27000000.0,0.0,0
2.0,2,0,100000000.0,Investment,31,132216108.37438424,0.0,0
2.0,2,0,100000000.0,Savings,185,86500000.0,0.0,0
2.0,3,15,81809700.0,Investment,1,10150.0,0.0,1
1.0,2,0,100000000.0,Investment,1,2030000.0,0.0,1
2.0,0,0,25000000.0,Investment,94,2723566000.0,0.0,1
1.0,3,0,0.0,Investment,1,1015000.0,0.0,1
2.0,1,0,20000.0,Savings,45,215000000.0,0.0,1
2.0,2,20,0.0,Investment,10,21323627.72834075,0.0,1
2.0,2,15,0.0,Savings,3,2500000.0,0.0,1
2.0,0,0,0.0,Investment,1,4721750.0,0.0,1
2.0,0,0,0.0,Investment,1,900000.0,0.0,0
1.0,3,10,0.0,Savings,1,10000.0,0.0,1
1.0,3,10,0.0,Savings,1,7500000.0,7500000.0,1
2.0,2,0,0.0,Investment,1,1015000.0,0.0,1
1.0,0,0,18000000.0,Investment,2,6000000.000000001,0.0,1
2.0,2,0,40000000.0,Investment,2,1015000.0,0.0,1
1.0,0,0,1000000.0,Savings,17,24000000.0,0.0,0
2.0,3,0,1000000.0,Savings,26,21000000.0,0.0,0
2.0,0,0,25000000.0,Savings,1,10000.0,0.0,1
2.0,3,15,81809700.0,Savings,23,210000.0,0.0,0
2.0,2,0,40000000.0,Investment,1,45675.0,0.0,1
2.0,0,0,34444.0,Investment,2,710500.0,0.0,1
2.0,3,0,1000000.0,Investment,3,78830700.0,0.0,1
2.0,0,0,0.0,Savings,1,5000000.0,0.0,0
2.0,0,0,0.0,Savings,229,357000000.0,0.0,0
2.0,0,0,0.0,Savings,3,2000000.0,0.0,0
1.0,2,0,100000000.0,Savings,40,5000000.0,0.0,0
2.0,1,0,800000000.0,Savings,1,10000100.0,0.0,1
2.0,0,0,1000000.0,Savings,2,25000000.0,0.0,0
2.0,1,0,20000.0,Investment,1,12345600.000000002,0.0,0
,0,0,0.0,Investment,1,30000000.0,0.0,0
1.0,2,0,25000000.0,Savings,3,3000000.0,0.0,1
1.0,2,0,15000000.0,Investment,1,0.0,0.0,0
2.0,3,0,4344400.0,Savings,10,1000000.0,0.0,1
2.0,0,0,0.0,Investment,1,5000000.000000001,0.0,1
2.0,0,0,0.0,Savings,14,150000000.0,0.0,0
2.0,3,15,81809700.0,Investment,6,2842000.0,0.0,1
2.0,2,15,0.0,Investment,2,3248000.0,0.0,1
1.0,0,0,0.0,Investment,1,970000.0,0.0,1
2.0,3,15,81809700.0,Savings,73,884233300.0,0.0,0
1.0,2,0,100000000.0,Savings,1,1999800.0,1000000.0,1
2.0,3,15,81809700.0,Investment,2,11165000.0,0.0,1
2.0,2,0,0.0,Investment,93,805256650.2463053,0.0,0
1.0,3,10,0.0,Savings,1,10000000.0,0.0,1
2.0,0,0,0.0,Savings,1,10000.0,0.0,1
,0,0,0.0,Investment,3,19000000.0,0.0,0
,1,0,10000000.0,Savings,1,500000.0,0.0,1
2.0,2,0,8000000.0,Savings,6,9000000.0,0.0,0
2.0,3,0,0.0,Investment,1,10000000.000000002,0.0,1
,0,0,0.0,Savings,2,1010000.0,0.0,1
1.0,3,10,0.0,Savings,1,1000000.0,0.0,1
2.0,3,0,25000000.0,Savings,47,0.0,0.0,0
2.0,2,15,0.0,Investment,9,8632383.0,0.0,1
1.0,3,15,100000000.0,Savings,12,681600.0,0.0,1
2.0,2,15,0.0,Savings,3,15000000.0,300000.0,1
1.0,3,10,0.0,Savings,1,222300.0,0.0,1
,0,0,0.0,Savings,2,1000000.0,0.0,0
2.0,0,0,0.0,Savings,1,10000.0,0.0,1
2.0,2,0,100000000.0,Investment,9,63525000.0,0.0,1
2.0,2,0,5000000.0,Savings,16,140800000.0,0.0,1
2.0,0,0,0.0,Savings,7,15000000.0,0.0,0
2.0,3,0,4344400.0,Savings,42,28774200.0,0.0,1
2.0,2,0,40000000.0,Savings,23,4150000.0,0.0,1
2.0,0,0,0.0,Investment,1,1000000.0,0.0,1
1.0,0,0,0.0,Savings,57,19000000.0,0.0,0
,0,0,0.0,Savings,274,156000000.0,0.0,0
2.0,2,0,5000000.0,Investment,2,1025150.0,0.0,1
,0,0,0.0,Investment,1,25000000.0,0.0,0
1.0,2,0,15000000.0,Investment,5,6864951.0,0.0,1
2.0,0,0,0.0,Savings,2,0.0,0.0,0
1.0,2,0,15000000.0,Investment,45,21225110.837438423,0.0,0
1.0,3,10,0.0,Savings,1,10000000.0,0.0,1
2.0,0,15,0.0,Investment,1,3770000.0,0.0,1
2.0,2,0,0.0,Savings,1,5000000.0,0.0,1
2.0,0,0,0.0,Savings,1,10000.0,0.0,1
1.0,2,0,15000000.0,Savings,5,1300000.0,0.0,1
1.0,3,15,100000000.0,Savings,20,0.0,0.0,0
1.0,3,10,0.0,Savings,18,1700000.0,0.0,1
1.0,3,15,100000000.0,Savings,4,10030000.0,0.0,1
2.0,2,0,40000000.0,Investment,56,701431.9802955666,0.0,1
2.0,2,0,5000000.0,Investment,1,507500.0,0.0,1
2.0,0,0,12000000.0,Savings,10,15070000.0,0.0,0
1.0,0,0,0.0,Savings,1,10000.0,0.0,1
2.0,2,0,40000000.0,Savings,1,90000.0,0.0,1
,0,0,0.0,Savings,257,154000000.0,0.0,0
,0,0,0.0,Savings,1,10000.0,0.0,1
,2,0,0.0,Investment,2,2030000.0,0.0,1
2.0,0,0,0.0,Investment,2,3000000.0000000005,0.0,0
1.0,0,0,10000000.0,Savings,4,3500000.0,0.0,0
1.0,2,0,15000000.0,Savings,23,1803100.0,0.0,1
,0,0,0.0,Investment,1,10000000.000000002,0.0,1
,2,0,8000000.0,Investment,335,3516729820.0,0.0,0
,0,0,100000000.0,Savings,13,10000000.0,0.0,0
2.0,2,15,0.0,Savings,6,10540000.0,0.0,1
2.0,0,0,0.0,Savings,1,1000000.0,0.0,0
2.0,0,0,25000000.0,Savings,18,205500000.0,0.0,0
1.0,2,0,100000000.0,Savings,20,8960000.0,0.0,1
2.0,0,0,0.0,Savings,1,10000.0,0.0,1
1.0,0,0,0.0,Savings,1,750000.0,0.0,0
,0,0,15000000.0,Savings,55,47000000.0,0.0,0
2.0,0,0,25000000.0,Investment,1,200000.0,0.0,1
1.0,0,0,0.0,Savings,1,1000000.0,0.0,1
2.0,3,15,81809700.0,Investment,8,2456300.0,0.0,1
2.0,3,0,0.0,Savings,2,0.0,0.0,1
2.0,2,0,5000000.0,Savings,3,12520000.0,0.0,1
1.0,3,10,0.0,Savings,27,30000000.0,2700000.0,1
,0,0,0.0,Savings,2,110000.0,0.0,1
1.0,0,0,0.0,Savings,119,47870000.0,0.0,0
2.0,3,0,1000000.0,Investment,2,2030000.0,0.0,1
2.0,3,0,0.0,Savings,11,6007500.0,0.0,1
2.0,3,15,81809700.0,Savings,3,7000000.0,0.0,1
2.0,2,0,40000000.0,Savings,28,3314600.0,0.0,1
2.0,0,0,9900000.0,Savings,1,500000.0,0.0,1
1.0,2,0,15000000.0,Savings,2,200000.0,0.0,1
1.0,2,0,15000000.0,Savings,7,30000000.0,0.0,1
1.0,0,0,0.0,Savings,9,5000000.0,0.0,0
1.0,2,0,15000000.0,Investment,29,55723500.0,0.0,1
1.0,3,10,0.0,Savings,1,500000.0,0.0,1
2.0,0,0,0.0,Savings,2,3000000.0,0.0,0
2.0,2,0,100000000.0,Investment,10,272000000.0,0.0,1
2.0,3,0,0.0,Savings,1,1000000.0,0.0,1
2.0,1,0,20000.0,Savings,28,56000000.0,0.0,1
2.0,3,0,1000000.0,Investment,2,7690800.0,0.0,1
2.0,0,0,0.0,Savings,9,12000000.0,0.0,0
2.0,0,0,0.0,Investment,1,1000000.0,0.0,1
,0,0,15000000.0,Savings,1,300000.0,0.0,1
1.0,0,0,10000000.0,Investment,5,1400000.0,0.0,0
,0,0,0.0,Savings,14,10000000.0,0.0,0
2.0,2,15,0.0,Savings,8,16000000.0,0.0,1
2.0,2,0,15000000.0,Savings,8,2070000.0,0.0,1
2.0,2,15,5000000.0,Investment,1,5000000.0,0.0,0
1.0,2,0,15000000.0,Investment,1,2030000.0,0.0,1
2.0,3,15,81809700.0,Savings,20,160497000.0,0.0,1
2.0,3,0,25000000.0,Investment,351,12259200000.0,0.0,0
2.0,0,0,0.0,Savings,2,2000000.0,0.0,0
,0,0,0.0,Investment,1,50000000.0,0.0,0
2.0,0,0,20000000.0,Investment,1,1000000.0,0.0,1
2.0,2,15,5000000.0,Savings,7,4810000.0,0.0,0
2.0,1,0,40000000.0,Investment,1,5075000.0,0.0,1
,0,0,0.0,Investment,1,50000000.0,0.0,0
,0,0,0.0,Savings,7,60010000.0,0.0,1
,0,0,0.0,Savings,1,5000000.0,0.0,0
2.0,0,0,0.0,Savings,2,0.0,0.0,0
2.0,0,0,100000000.0,Savings,22,8000000.0,0.0,0
2.0,3,0,4344400.0,Savings,54,29650000.0,0.0,1
1.0,3,10,0.0,Savings,2,60000.0,40000.0,1
2.0,2,0,100000000.0,Savings,182,1522400000.0,0.0,0
1.0,3,0,0.0,Savings,30,61000000.0,0.0,0
2.0,2,0,5000000.0,Savings,14,500000.0,0.0,0
1.0,2,0,15000000.0,Savings,16,52600000.0,0.0,1
2.0,0,0,100000000.0,Savings,7,12400000.0,0.0,0
2.0,1,0,20000.0,Investment,1,384540.0,0.0,1
2.0,2,20,0.0,Savings,179,1503000000.0,0.0,0
2.0,1,0,20000.0,Savings,18,15500000.0,0.0,1
2.0,2,0,100000000.0,Savings,53,294500000.0,0.0,0
2.0,0,0,0.0,Investment,1,1000000.0,0.0,0
,0,0,0.0,Savings,1,1000000.0,0.0,1
,0,0,0.0,Investment,1,5000000.0,0.0,0
2.0,0,0,0.0,Savings,152,1424867800.0,0.0,0
1.0,3,10,0.0,Savings,1,1000000.0,0.0,1
1.0,3,15,100000000.0,Savings,12,3999600.0,0.0,1
2.0,0,0,0.0,Savings,13,2000000.0,0.0,0
1.0,3,10,0.0,Savings,1,330000.0,0.0,1
2.0,2,15,0.0,Savings,5,2000000.0,0.0,0
2.0,2,20,0.0,Investment,2,1116500.0,0.0,1
1.0,0,0,25000000.0,Investment,1,5075000.0,0.0,1
2.0,2,15,0.0,Savings,4,2000000.0,0.0,1
1.0,2,0,100000000.0,Savings,30,24550000.0,0.0,1
1.0,2,0,100000000.0,Savings,23,7000000.0,0.0,0
2.0,0,0,20000000.0,Savings,1,10000.0,0.0,1
2.0,1,0,800000000.0,Savings,11,18000000.0,0.0,0
2.0,2,0,40000000.0,Savings,32,16000000.0,0.0,1
2.0,3,15,23000000.0,Investment,25,44222100.0,0.0,0
2.0,0,0,0.0,Investment,1,8400000.0,0.0,0
2.0,0,0,15000000.0,Investment,1,0.0,0.0,1
2.0,2,0,5000000.0,Savings,1,100000.0,0.0,1
2.0,2,0,40000000.0,Savings,1,200000.0,0.0,1
1.0,3,10,0.0,Savings,10,120000.0,0.0,1
1.0,2,0,100000000.0,Savings,1,500000.0,0.0,1
1.0,2,0,1000000.0,Savings,10,0.0,0.0,0
1.0,2,0,15000000.0,Investment,42,20210110.837438423,0.0,0
2.0,0,0,0.0,Savings,1,4000000.0,0.0,0
2.0,2,0,8000000.0,Investment,1,1922700.0,0.0,1
,0,0,0.0,Investment,1,5000000.0,0.0,0
2.0,0,0,15000000.0,Savings,1,5000000.0,0.0,0
2.0,2,0,40000000.0,Savings,14,27750100.0,0.0,1
1.0,3,0,0.0,Investment,1,250000.00000000003,0.0,1
,0,0,0.0,Savings,33,42920000.0,0.0,0
1.0,2,0,0.0,Investment,3,20000000.000000004,0.0,1
2.0,3,15,81809700.0,Savings,66,5800000.0,0.0,0
2.0,2,0,100000000.0,Investment,1,8120000.0,0.0,1
,0,0,0.0,Investment,1,10000000.000000002,0.0,0
2.0,0,0,0.0,Savings,1,10000.0,0.0,1
2.0,2,15,5000000.0,Investment,1,1888700.0,0.0,1
1.0,3,10,0.0,Savings,3,30000.0,0.0,1
2.0,3,15,81809700.0,Savings,134,56700000.0,0.0,0
2.0,3,15,81809700.0,Investment,2,1025150.0,0.0,1
2.0,3,0,1000000.0,Savings,26,12500000.0,0.0,0
2.0,0,0,0.0,Savings,265,163000000.0,0.0,0
,0,0,0.0,Investment,1,101500.0,0.0,1
2.0,2,0,5000000.0,Investment,4,23072400.0,0.0,1
2.0,0,0,0.0,Investment,1,2000000.0,0.0,0
2.0,2,0,100000000.0,Savings,189,1584000000.0,0.0,0
2.0,3,15,81809700.0,Savings,39,1850000000.0,0.0,0
2.0,0,0,0.0,Savings,8,4000000.0,0.0,0
,0,0,0.0,Savings,42,20000000.0,0.0,0
,0,0,0.0,Investment,1,10000000.0,0.0,0
1.0,2,0,100000000.0,Savings,847,388610000.0,44891000000.0,0
2.0,2,0,40000000.0,Investment,2,10832400.0,0.0,1
1.0,0,0,0.0,Savings,42,25000000.0,0.0,0
1.0,2,0,100000000.0,Savings,42,6690000.0,0.0,1
1.0,3,10,0.0,Savings,5,1000000.0,5119040.0,1
2.0,2,15,0.0,Savings,101,150434900.0,0.0,0
,2,0,0.0,Savings,34,260000000.0,0.0,0
1.0,3,0,0.0,Savings,30,8120000.0,0.0,0
,0,0,8000000.0,Investment,2,2015000.0,0.0,0
,0,0,0.0,Investment,2,10000000.0,0.0,0
,0,0,0.0,Savings,8,610000.0,0.0,0
2.0,0,0,0.0,Savings,295,192000000.0,0.0,0
1.0,0,0,1000000.0,Savings,11,620000.0,0.0,0
2.0,2,0,5000000.0,Savings,4,2000000.0,0.0,1
2.0,0,0,12000000.0,Savings,1,100000.0,0.0,0
,0,0,15000000.0,Investment,1,0.0,0.0,1
2.0,2,0,0.0,Investment,1,5000000.000000001,0.0,1
2.0,3,0,1000000.0,Investment,1,1015000.0,0.0,1
2.0,0,0,0.0,Savings,8,5000000.0,0.0,0
,0,0,40000000.0,Investment,1,19227000.0,0.0,1
2.0,2,0,0.0,Investment,1,10000000.000000002,0.0,1
,0,0,0.0,Investment,1,1015000.0,0.0,1
2.0,0,15,0.0,Savings,26,3230000.0,0.0,1
,0,0,15000000.0,Savings,5,0.0,0.0,1
1.0,3,10,0.0,Savings,1,0.0,0.0,1
1.0,3,0,0.0,Investment,11,27135000.0,0.0,0
2.0,2,15,0.0,Investment,2,22345600.0,0.0,0
2.0,0,0,0.0,Savings,1,3000000.0,0.0,0
2.0,2,0,40000000.0,Savings,1,10000000.0,0.0,1
2.0,2,0,5000000.0,Savings,5,1630000.0,0.0,1
2.0,3,0,1000000.0,Savings,1,5000.0,0.0,1
,0,0,0.0,Investment,1,50000000.0,0.0,0
2.0,3,0,0.0,Savings,8,40000000.0,0.0,1
1.0,0,0,0.0,Savings,138,450000000.0,0.0,0
2.0,3,0,0.0,Savings,31,170020000.0,0.0,0
,1,0,8000000.0,Savings,119,4800510000.0,0.0,1
2.0,2,0,40000000.0,Savings,14,1120000.0,0.0,1
2.0,3,15,81809700.0,Savings,1,5000000.0,5097260.0,1
,0,0,0.0,Savings,9,35000000.0,0.0,0
1.0,2,0,15000000.0,Investment,1,507500.0,0.0,1
,0,0,15000000.0,Investment,1,3000000.0,0.0,1
,2,0,15000000.0,Savings,58,133000000.0,0.0,0
2.0,2,0,40000000.0,Savings,1,300300.0,0.0,1
2.0,2,0,15000000.0,Savings,1,45600.0,0.0,1
2.0,3,0,1000000.0,Savings,87,40300000.0,0.0,0
2.0,3,15,81809700.0,Savings,1,0.0,0.0,1
2.0,2,0,15000000.0,Savings,2,40000000.0,0.0,1
,2,0,0.0,Savings,1,1000000.0,0.0,0
2.0,2,0,0.0,Savings,3,1300000.0,0.0,1
2.0,0,0,0.0,Savings,32,16000000.0,0.0,1
2.0,0,0,1223400.0,Savings,1,500000.0,0.0,1
,1,0,10000000.0,Savings,1,50000.0,0.0,1
1.0,2,0,15000000.0,Investment,7,20210413.0,0.0,1
2.0,0,0,0.0,Savings,1,10000.0,0.0,0
1.0,0,0,1000000.0,Investment,1,5000000.0,0.0,1
1.0,2,0,15000000.0,Savings,1,100000.0,0.0,1
2.0,2,0,5000000.0,Investment,2,1025150.0,0.0,1
2.0,0,0,0.0,Savings,41,32000000.0,0.0,1
2.0,2,15,0.0,Savings,2,1000000.0,0.0,1
2.0,0,0,15000000.0,Investment,2,4060000.0,0.0,1
2.0,3,0,4344400.0,Investment,4,2466600.0,0.0,1
1.0,2,0,25000000.0,Savings,12,2100000.0,0.0,1
,0,0,0.0,Investment,1,3770000.0,0.0,1
2.0,2,0,0.0,Savings,2,400000.0,0.0,1
2.0,1,0,20000.0,Investment,2,2000000.0,0.0,0
2.0,2,0,20000.0,Investment,2,4614480.0,0.0,1
2.0,2,15,0.0,Investment,12,4952100.0,0.0,1
,3,0,0.0,Investment,1,100000.0,0.0,0
,0,0,0.0,Savings,1,10000.0,0.0,1
2.0,0,0,0.0,Savings,1,5000000.0,0.0,0
2.0,3,15,81809700.0,Investment,1,101500.0,0.0,1
1.0,3,0,0.0,Investment,2,1015000.0,0.0,1
2.0,2,20,0.0,Savings,2,5010000.0,0.0,1
1.0,3,10,0.0,Savings,102,314001000.0,1120674000.0,1
2.0,2,0,5000000.0,Investment,1,10150.0,0.0,1
,0,0,0.0,Savings,2,3000000.0,0.0,0
2.0,2,0,10000000.0,Savings,8,2180000.0,0.0,1
,2,0,50000000.0,Savings,24,141000000.0,0.0,1
1.0,2,0,100000000.0,Savings,1,500000.0,451000.0,1
,0,0,0.0,Investment,1,5000000.000000001,0.0,1
,0,0,0.0,Savings,42,26000000.0,0.0,0
,0,0,0.0,Savings,1,1000000.0,0.0,0
2.0,0,0,0.0,Savings,14,9000000.0,0.0,0
,0,0,0.0,Investment,1,5000000.0,0.0,0
2.0,1,15,0.0,Savings,25,35000000.0,0.0,0
1.0,2,0,15000000.0,Savings,3,1500000.0,0.0,1
2.0,2,15,0.0,Savings,12,11900000.0,0.0,1
1.0,3,10,0.0,Savings,3,10100000.0,0.0,1
1.0,3,10,0.0,Savings,1,0.0,0.0,1
2.0,1,0,20000.0,Investment,1,944350.0,0.0,1
1.0,0,0,18000000.0,Savings,351,1755000000.0,0.0,1
1.0,3,10,0.0,Savings,1,1500000.0,0.0,1
1.0,0,0,0.0,Savings,111,6600000.0,0.0,0
1.0,0,0,0.0,Savings,29,39000000.0,0.0,0
1.0,0,0,0.0,Savings,272,845000000.0,0.0,0
2.0,0,0,0.0,Investment,1,290000.0,0.0,1
1.0,2,0,100000000.0,Savings,43,40300800.0,0.0,0
,3,0,10000000.0,Savings,1,10000.0,0.0,1
2.0,3,0,1000000.0,Investment,3,3268590.0,0.0,1
2.0,2,0,10000000.0,Investment,1,384540.0,0.0,1
2.0,2,15,0.0,Savings,2,1500000.0,0.0,1
1.0,0,0,0.0,Savings,2,6000000.0,0.0,0
2.0,0,0,100000000.0,Investment,2,4714350.0,0.0,0
1.0,3,10,0.0,Savings,2,200000.0,0.0,1
,0,0,0.0,Savings,41,63000000.0,0.0,0
1.0,2,0,15000000.0,Savings,24,752200030.0,0.0,0
2.0,0,0,0.0,Savings,23,46174700.0,0.0,1
2.0,0,0,0.0,Savings,1,500000.0,0.0,1
2.0,0,0,100000000.0,Savings,19,2950000.0,0.0,1
2.0,2,0,0.0,Investment,1,507500.0,0.0,1
2.0,2,0,8000000.0,Savings,55,72400000.0,0.0,1
1.0,3,0,0.0,Savings,2,100000000.0,0.0,1
2.0,0,0,15000000.0,Investment,1,5000000.0,0.0,0
2.0,2,0,15000000.0,Savings,13,53555000.0,0.0,1
,3,0,30000000.0,Investment,4,40103340.0,0.0,1
2.0,0,0,0.0,Savings,32,57000000.0,0.0,0
1.0,3,0,0.0,Savings,2,2000000.0,0.0,1
1.0,3,10,0.0,Savings,1,20000.0,0.0,1
2.0,1,0,0.0,Savings,7,41500000.0,0.0,1
1.0,3,15,100000000.0,Savings,149,662215600.0,0.0,1
2.0,0,0,0.0,Investment,1,500000.0,0.0,1
2.0,2,0,0.0,Savings,3,10110000.0,0.0,1
2.0,2,0,40000000.0,Savings,18,900000.0,0.0,1
2.0,2,0,1000000.0,Savings,10,6000000.0,0.0,0
2.0,0,0,100000000.0,Savings,36,21000000.0,0.0,0
,0,0,100000000.0,Investment,10,397000000.0,0.0,1
2.0,2,15,5000000.0,Investment,6,4800000.0,0.0,1
,0,0,0.0,Savings,4,6985000.0,0.0,1
2.0,2,0,15000000.0,Investment,1,2000000.0,0.0,1
2.0,3,0,1000000.0,Savings,27,10200000.0,0.0,0
2.0,3,15,81809700.0,Savings,60,570000000.0,0.0,0
2.0,2,0,5000000.0,Savings,1,10000000.0,0.0,1
1.0,3,10,0.0,Savings,7,183000000.0,357000000.0,1
2.0,2,0,40000000.0,Savings,7,210000.0,0.0,1
2.0,2,15,0.0,Savings,9,670000.0,0.0,1
2.0,3,0,1000000.0,Investment,2,4060000.0,0.0,1
2.0,2,0,100000000.0,Investment,3,30300000.0,0.0,1
1.0,0,0,0.0,Savings,1,100000.0,0.0,0
2.0,0,0,30000000.0,Savings,1,6500000.0,0.0,0
2.0,0,0,0.0,Investment,1,1888700.0,0.0,1
2.0,2,0,0.0,Savings,1,580000.0,0.0,0
2.0,0,0,30000000.0,Savings,9,60010000.0,0.0,0
2.0,3,0,1000000.0,Investment,1,3845400.0,0.0,1
2.0,1,0,20000.0,Savings,39,32510000.0,0.0,1
,0,0,0.0,Savings,220,108000000.0,0.0,0
,0,0,0.0,Savings,1,10000.0,0.0,1
1.0,3,0,0.0,Savings,1,1000000.0,0.0,0
2.0,0,0,0.0,Savings,1,10000.0,0.0,1
1.0,0,0,0.0,Savings,1,100000.0,0.0,0
1.0,2,0,15000000.0,Savings,28,14000000.0,0.0,1
2.0,0,0,30000000.0,Investment,1,10000000.000000002,0.0,1
2.0,2,15,5000000.0,Investment,1,1000000.0,0.0,1
2.0,1,0,0.0,Savings,209,193000000.0,0.0,0
1.0,2,0,15000000.0,Savings,25,25000000.0,0.0,1
2.0,2,15,0.0,Savings,1,1000000.0,0.0,0
1.0,0,0,10000000.0,Savings,3,2000000.0,0.0,0
2.0,2,0,40000000.0,Savings,2,4534400.0,0.0,1
2.0,1,0,40000000.0,Investment,1,1922700.0,0.0,1
1.0,0,0,0.0,Savings,21,4000000.0,0.0,0
2.0,0,0,0.0,Investment,1,1500000.0000000002,0.0,1
,0,0,8000000.0,Savings,1,1200000.0,0.0,0
2.0,0,15,40000000.0,Savings,1,100000.0,0.0,1
1.0,3,10,0.0,Savings,2,200000.0,0.0,1
1.0,3,10,0.0,Investment,2,1215300.0,0.0,1
,0,0,0.0,Investment,1,1000000.0,0.0,0
1.0,3,10,0.0,Savings,3,100000.0,0.0,1
1.0,3,10,0.0,Savings,1,10000.0,0.0,1
2.0,0,0,0.0,Investment,1,800000.0,0.0,0
1.0,3,0,0.0,Savings,9,1300000.0,0.0,1
2.0,2,0,100000000.0,Investment,9,90750000.0,0.0,1
2.0,2,0,25000000.0,Investment,1,38454000.0,0.0,1
2.0,2,0,0.0,Investment,16,1888700.0,0.0,0
,0,0,0.0,Savings,1,100000.0,0.0,1
,2,0,1000000000.0,Savings,3,4010000.0,0.0,1
,0,0,0.0,Savings,90,33000000.0,0.0,0
2.0,0,0,34444.0,Investment,1,2121200.0,0.0,1
2.0,0,0,0.0,Savings,2,11000000.0,0.0,1
2.0,0,0,0.0,Savings,199,89010000.0,0.0,0
2.0,3,0,1000000.0,Savings,1,15000.0,0.0,1
,2,0,15000000.0,Savings,58,42000000.0,0.0,0
1.0,0,0,0.0,Savings,40,1151000000.0,0.0,0
2.0,2,15,0.0,Investment,4,812000.0,0.0,1
,0,0,0.0,Savings,3,1020000.0,0.0,1
1.0,2,0,15000000.0,Savings,33,32900000.0,0.0,1
1.0,3,0,0.0,Investment,1,1000000.0,0.0,0
2.0,2,0,1000000.0,Savings,1,1000000.0,0.0,0
1.0,2,0,15000000.0,Investment,2,1333300.0000000002,0.0,0
2.0,2,15,0.0,Savings,1,10000.0,0.0,1
1.0,3,10,0.0,Savings,1,10000.0,0.0,1
2.0,0,0,100000000.0,Savings,18,4000000.0,0.0,0
1.0,3,0,0.0,Investment,1,4444400.0,0.0,1
2.0,3,15,100000000.0,Investment,1,19830000.0,0.0,1
,0,0,100000000.0,Savings,10,7510000.0,0.0,1
1.0,0,0,0.0,Savings,1,10000.0,0.0,0
1.0,3,10,0.0,Savings,3,3000000.0,0.0,1
2.0,0,0,0.0,Savings,2,2000000.0,0.0,0
1.0,3,0,0.0,Investment,13,10014830.0,0.0,0
1.0,0,0,10000000.0,Savings,9,5800000.0,0.0,0
2.0,3,0,1000000.0,Savings,8,400000000.0,0.0,1
1.0,3,15,100000000.0,Savings,13,6500000.0,0.0,1
1.0,3,10,0.0,Investment,1,7690800.0,0.0,1
1.0,0,0,0.0,Savings,1,100000.0,0.0,0
1.0,3,10,0.0,Savings,10,2600000.0,5800000.0,1
,0,0,0.0,Savings,1,300000.0,0.0,0
1.0,2,0,15000000.0,Investment,1,1015000.0,0.0,1
2.0,2,15,5000000.0,Savings,20,122830447.0,0.0,1
2.0,2,15,0.0,Investment,1,507500.0,0.0,1
2.0,2,15,0.0,Investment,2,769080.0,0.0,1
2.0,2,0,40000000.0,Investment,20,22304907.0,0.0,1
1.0,2,0,15000000.0,Savings,9,30300000.0,0.0,1
2.0,2,0,1000000.0,Savings,1,1000000.0,0.0,0
2.0,2,15,5000000.0,Investment,2,17000000.0,0.0,0
1.0,0,0,0.0,Investment,1,350000.00000000006,0.0,1
2.0,2,0,40000000.0,Savings,6,13687900.0,0.0,1
,0,0,0.0,Savings,270,159000000.0,0.0,0
,0,0,0.0,Savings,72,122000000.0,0.0,0
2.0,0,15,0.0,Savings,2,2000000.0,0.0,1
2.0,0,0,8000000.0,Savings,5,5021100.0,0.0,1
2.0,2,0,5000000.0,Savings,4,310000.0,0.0,1
2.0,2,0,5000000.0,Investment,1,507500.0,0.0,1
2.0,2,0,15000000.0,Investment,1,2000000.0,0.0,1
2.0,0,0,0.0,Savings,1,1000000.0,0.0,1
2.0,0,0,0.0,Savings,1,10000.0,0.0,1
2.0,2,0,15000000.0,Savings,91,73000000.0,0.0,0
,0,0,0.0,Savings,1,324200.0,0.0,1
2.0,0,0,0.0,Savings,1,2000000.0,0.0,0
1.0,3,10,0.0,Savings,11,202240000.0,111089.0,1
2.0,0,0,100000000.0,Investment,2,200000.00000000003,0.0,0
2.0,1,0,800000000.0,Savings,12,14400000.0,0.0,1
2.0,0,0,0.0,Investment,1,10000000.000000002,0.0,0
2.0,3,0,1000000.0,Investment,1,5075000.0,0.0,1
2.0,0,0,100000000.0,Savings,23,9000000.0,0.0,0
1.0,3,15,100000000.0,Investment,3,10353000.0,0.0,1
1.0,3,10,0.0,Savings,5,5000000.0,25498630.0,1
1.0,3,10,0.0,Savings,4,150000.0,48000.0,1
,0,0,0.0,Investment,1,530000.0,0.0,0
2.0,2,0,1000000.0,Investment,1,1000000.0,0.0,0
2.0,3,0,1000000.0,Savings,1,5000000.0,0.0,1
2.0,0,0,0.0,Savings,1,300000.0,0.0,0
1.0,0,0,0.0,Savings,1,10000000.0,0.0,0
1.0,3,10,0.0,Investment,1,7690800.0,0.0,1
1.0,3,15,100000000.0,Savings,86,148000000.0,0.0,0
2.0,1,0,0.0,Investment,52,485850000.0,0.0,0
1.0,3,10,0.0,Savings,16,266006700.0,240000000.0,1
1.0,3,10,0.0,Savings,1,240000.0,0.0,1
1.0,2,0,100000000.0,Savings,11,36000000.0,115500869.0,1
2.0,0,0,0.0,Investment,1,1015000.0,0.0,1
2.0,2,0,5000000.0,Investment,1,10150.0,0.0,1
1.0,3,10,0.0,Savings,1,200000.0,0.0,1
1.0,0,0,18000000.0,Savings,21,55000000.0,0.0,0
2.0,3,0,0.0,Savings,1,1000000.0,0.0,0
1.0,3,0,0.0,Savings,3,15000000.0,0.0,1
2.0,2,0,0.0,Investment,1,507500.0,0.0,1
,3,0,0.0,Investment,7,23200044.33497537,0.0,1
2.0,2,15,5000000.0,Investment,1,5000000.0,0.0,0
2.0,3,0,0.0,Savings,1,20000000.0,0.0,0
1.0,2,0,15000000.0,Savings,7,70000.0,0.0,1
,1,0,8000000.0,Savings,2,150000.0,0.0,1
1.0,3,0,0.0,Savings,81,132600000.0,0.0,1
2.0,2,0,40000000.0,Savings,43,530000.0,0.0,1
2.0,3,0,0.0,Investment,1,507500.0,0.0,1
1.0,3,10,0.0,Savings,1,0.0,0.0,1
2.0,3,0,1000000.0,Savings,2,200000.0,0.0,1
,0,0,0.0,Investment,2,38454000.0,0.0,1
2.0,2,0,25000000.0,Savings,14,550000000.0,0.0,0
2.0,2,0,10000000.0,Investment,2,45675600.0,0.0,1
,0,0,0.0,Investment,1,5000000.0,0.0,0
2.0,2,0,40000000.0,Savings,17,8500000.0,0.0,1
2.0,0,0,100000000.0,Savings,14,140000.0,0.0,1
2.0,2,0,0.0,Savings,7,12500000.0,0.0,0
2.0,2,0,5000000.0,Savings,5,12123400.0,0.0,1
2.0,0,15,40000000.0,Savings,3,3000000.0,0.0,1
2.0,0,0,0.0,Savings,49,36000000.0,0.0,0
2.0,0,0,0.0,Savings,265,162780000.0,0.0,0
2.0,0,0,0.0,Investment,1,200000.00000000003,0.0,1
2.0,2,0,40000000.0,Savings,6,120000.0,0.0,1
1.0,3,0,0.0,Savings,2,1100000.0,0.0,1
,0,0,0.0,Savings,1,1000000.0,0.0,1
2.0,2,15,0.0,Investment,2,517650.0,0.0,1
2.0,2,0,15000000.0,Investment,1,507500.0,0.0,1
2.0,2,0,2000000.0,Investment,1,3845400.0,0.0,1
2.0,2,0,0.0,Investment,2,890000.0,0.0,0
2.0,2,0,5000000.0,Savings,5,423400.0,0.0,1
2.0,3,15,81809700.0,Savings,1,5000000.0,0.0,1
1.0,0,0,0.0,Savings,138,432400000.0,0.0,0
,0,0,0.0,Savings,1,10000.0,0.0,1
1.0,3,0,0.0,Savings,2,6000000.0,0.0,1
2.0,0,0,0.0,Investment,1,1888700.0,0.0,1
,0,0,0.0,Investment,1,10000000.0,0.0,0
2.0,2,15,0.0,Investment,3,2015000.0,0.0,1
2.0,3,15,81809700.0,Investment,1,0.0,0.0,1
2.0,2,0,5000000.0,Savings,3,110000.0,0.0,1
1.0,3,10,0.0,Savings,8,600000.0,0.0,1
,0,0,100000000.0,Investment,2,50987500.0,0.0,1
,0,0,0.0,Savings,43,246000000.0,0.0,0
,0,0,0.0,Investment,7,7470000.0,0.0,0
1.0,2,0,15000000.0,Investment,102,47815221.67487685,0.0,0
,0,0,15000000.0,Savings,2,200000.0,0.0,0
2.0,1,0,20000.0,Savings,2,1000000.0,0.0,1
2.0,3,15,23000000.0,Savings,31,110010000.0,0.0,0
2.0,2,0,40000000.0,Savings,3,283200.0,0.0,1
2.0,2,15,0.0,Investment,9,3412700.0,0.0,1
2.0,0,0,0.0,Savings,56,20000000.0,0.0,0
2.0,2,0,5000000.0,Savings,14,69000000.0,0.0,1
1.0,2,0,15000000.0,Savings,9,180000.0,0.0,1
2.0,0,0,1000000.0,Savings,10,2010000.0,0.0,1
2.0,1,0,20000.0,Investment,25,12680000.0,0.0,1
2.0,2,0,5000000.0,Savings,4,11000000.0,49200.0,1
2.0,0,0,0.0,Investment,1,250000.00000000003,0.0,1
2.0,1,0,0.0,Savings,36,324000000.0,0.0,1
2.0,3,15,81809700.0,Savings,4,13000000.0,0.0,1
1.0,2,0,15000000.0,Savings,40,15800000.0,0.0,0
2.0,3,15,81809700.0,Investment,119,5029713.725490196,0.0,0
,0,0,0.0,Investment,1,2000000.0,0.0,0
2.0,2,0,40000000.0,Savings,1,3000000.0,0.0,1
2.0,3,15,81809700.0,Investment,1,38454000.0,0.0,1
2.0,2,0,100000000.0,Investment,10,95825000.0,0.0,1
2.0,2,0,100000000.0,Investment,4,30300000.0,0.0,1
1.0,3,10,0.0,Savings,1,0.0,0.0,1
1.0,0,0,0.0,Savings,1,100000.0,0.0,0
,0,0,0.0,Investment,1,50000000.0,0.0,0
2.0,0,0,0.0,Investment,1,1888700.0,0.0,1
,0,0,0.0,Savings,8,25000000.0,0.0,0
2.0,0,0,0.0,Savings,1,1500000.0,0.0,0
1.0,0,0,0.0,Savings,3,2000000.0,0.0,0
1.0,3,0,0.0,Savings,32,51000000.0,0.0,0
,0,0,25000000.0,Savings,1,222200.0,0.0,1
2.0,1,0,20000.0,Savings,1,1000000.0,0.0,0
1.0,0,0,0.0,Savings,1,100000.0,0.0,1
1.0,3,10,0.0,Investment,1,10150.0,0.0,1
2.0,3,0,0.0,Savings,2,1010000.0,0.0,1
2.0,2,0,5000000.0,Investment,1,0.0,0.0,1
,0,0,0.0,Savings,1,1000000.0,0.0,0
1.0,3,15,100000000.0,Investment,3,121500.0,0.0,1
2.0,0,0,0.0,Savings,4,23867800.0,0.0,0
2.0,1,0,20000.0,Savings,1,100000.0,0.0,1
,0,0,0.0,Investment,1,5000000.000000001,0.0,0
,0,0,0.0,Savings,9,5000000.0,0.0,0
2.0,3,0,0.0,Investment,1,944350.0,0.0,1
,0,0,0.0,Savings,1,10000.0,0.0,0
2.0,2,0,40000000.0,Savings,6,600000.0,0.0,1
2.0,0,0,100000000.0,Savings,34,14400000.0,0.0,1
1.0,2,0,15000000.0,Investment,1,4000000.0,0.0,0
2.0,0,0,0.0,Savings,14,9000000.0,0.0,0
1.0,3,10,0.0,Savings,2,1010000.0,0.0,1
2.0,2,15,0.0,Investment,1,507500.0,0.0,1
2.0,2,20,0.0,Savings,49,220040000.0,0.0,0
,0,0,0.0,Savings,1,2000000.0,0.0,0
2.0,0,0,0.0,Savings,7,12000000.0,0.0,0
2.0,0,0,100000000.0,Savings,17,21540000.0,0.0,1
1.0,2,0,15000000.0,Investment,7,3545000.0,0.0,1
1.0,2,0,100000000.0,Investment,1,0.0,0.0,1
2.0,0,0,0.0,Savings,1,10000.0,0.0,1
2.0,0,0,30000000.0,Investment,1,5000000.000000001,0.0,1
2.0,3,15,81809700.0,Investment,1,9613500.0,0.0,1
2.0,2,15,0.0,Savings,4,1510000.0,0.0,1
,0,0,0.0,Savings,1,10000.0,0.0,1
2.0,2,15,0.0,Savings,75,144240000.0,7500000.0,1
2.0,0,15,40000000.0,Savings,1,1000000.0,0.0,1
1.0,3,10,0.0,Savings,1,100000.0,0.0,1
,0,0,0.0,Investment,2,5100000.000000001,0.0,1
,0,0,0.0,Investment,1,1000000.0,0.0,0
,0,0,0.0,Investment,3,9000000.0,0.0,0
2.0,2,0,5000000.0,Investment,1,3845400.0,0.0,1
1.0,3,10,0.0,Savings,2,2000000.0,0.0,1
,0,0,8000000.0,Investment,3,3400000.0,0.0,0
2.0,1,0,20000.0,Savings,52,35200000.0,0.0,0
1.0,2,0,15000000.0,Investment,4,2674848.0,0.0,1
2.0,2,0,15000000.0,Investment,1,2030000.0,0.0,1
1.0,2,0,100000000.0,Investment,9,4567500.0,0.0,1
2.0,0,0,0.0,Savings,12,15000000.0,0.0,1
2.0,2,15,0.0,Investment,1,0.0,0.0,1
2.0,3,15,81809700.0,Savings,40,1894987000.0,0.0,1
,0,0,0.0,Savings,21,6500000.0,0.0,1
2.0,2,15,0.0,Savings,7,7000000.0,0.0,1
1.0,3,10,0.0,Savings,2,100000.0,0.0,1
2.0,1,0,0.0,Investment,1,384540.0,0.0,1
,3,0,8000000.0,Investment,4,58450080.0,0.0,1
2.0,0,0,0.0,Savings,286,181000000.0,0.0,0
1.0,0,0,25000000.0,Savings,40,125000000.0,0.0,0
,0,0,0.0,Savings,2,10000000.0,0.0,1
1.0,3,0,0.0,Savings,8,4000000.0,0.0,0
2.0,2,0,40000000.0,Investment,22,7300000.000000001,0.0,1
2.0,1,0,800000000.0,Investment,1,100000.0,0.0,0
2.0,3,0,0.0,Investment,1,507500.0,0.0,1
2.0,2,0,40000000.0,Investment,3,17112030.0,0.0,1
2.0,0,0,15000000.0,Investment,1,101500.0,0.0,1
2.0,2,0,5000000.0,Investment,1,10150.0,0.0,1
1.0,3,10,0.0,Savings,22,38160000.0,264000000.0,1
1.0,0,0,0.0,Investment,1,2000000.0,0.0,0
2.0,2,15,0.0,Savings,5,136545000.0,0.0,1
2.0,0,0,0.0,Savings,43,120000000.0,0.0,0
2.0,1,0,800000000.0,Savings,31,14600000.0,0.0,0
1.0,0,0,0.0,Savings,9,350009400.0,0.0,1
2.0,0,0,0.0,Investment,1,5000000.000000001,0.0,1
,0,0,0.0,Savings,1,4000000.0,0.0,0
2.0,0,0,100000000.0,Savings,1,1000000.0,0.0,1
2.0,3,0,25000000.0,Investment,45,8690800.0,0.0,1
2.0,2,20,0.0,Savings,67,560010000.0,0.0,0
,0,0,15000000.0,Savings,1,10000.0,0.0,1
2.0,1,0,20000.0,Investment,21,729872000.0,0.0,1
1.0,3,15,100000000.0,Savings,7,105000000.0,0.0,1
1.0,0,0,0.0,Investment,1,944350.0,0.0,1
1.0,2,0,1000000.0,Savings,95,81021200.0,0.0,0
,3,0,0.0,Savings,60,37000000.0,0.0,0
2.0,3,15,100000000.0,Investment,2,3610800.0,0.0,1
2.0,2,0,5000000.0,Savings,4,937200.0,0.0,1
2.0,2,0,5000000.0,Investment,1,10150.0,0.0,1
,0,0,100000000.0,Investment,1,12000000.000000002,0.0,1
2.0,3,0,1000000.0,Savings,2,3000000.0,0.0,1
2.0,3,15,81809700.0,Investment,49,226522100.0,0.0,0
,2,0,0.0,Savings,3,5020000.0,0.0,1
2.0,1,15,0.0,Savings,10,1000000.0,0.0,1
2.0,2,0,40000000.0,Savings,13,26000000.0,0.0,1
1.0,2,0,15000000.0,Investment,2,11000000.000000002,0.0,1
1.0,2,0,15000000.0,Investment,2,7105000.0,0.0,1
2.0,0,0,0.0,Savings,6,3000000.0,0.0,0
,2,0,3000000.0,Savings,3,5020000.0,0.0,1
1.0,3,10,0.0,Savings,3,300000.0,0.0,1
1.0,0,0,0.0,Savings,15,30000000.0,0.0,0
2.0,2,0,5000000.0,Savings,1,10000.0,0.0,1
1.0,0,0,0.0,Investment,2,2200000.0,0.0,1
1.0,3,10,0.0,Savings,1,30000.0,0.0,1
1.0,3,10,0.0,Savings,11,110000000.0,0.0,1
1.0,0,0,0.0,Savings,24,40000000.0,0.0,0
2.0,1,0,20000.0,Investment,1,1000000.0,0.0,0
,2,0,1000000000.0,Savings,92,29500000.0,0.0,1
2.0,0,0,0.0,Investment,1,5000000.000000001,0.0,1
2.0,2,0,8000000.0,Savings,41,76000000.0,0.0,0
1.0,0,0,0.0,Savings,8,25000000.0,0.0,0
2.0,2,15,0.0,Savings,19,9500000.0,0.0,1
2.0,2,0,5000000.0,Investment,1,10150.0,0.0,1
2.0,0,0,0.0,Savings,2,20000.0,0.0,1
2.0,0,0,0.0,Investment,1,1885000.0,0.0,1
,0,0,0.0,Savings,36,27000000.0,0.0,0
1.0,3,10,0.0,Savings,9,900000.0,0.0,1
2.0,2,0,5000000.0,Investment,1,10150000.0,0.0,1
1.0,0,0,0.0,Savings,11,8000000.0,0.0,0
2.0,1,0,20000.0,Investment,1,1000000.0,0.0,1
2.0,2,0,40000000.0,Savings,1,30000.0,0.0,1
2.0,2,0,40000000.0,Investment,1,380770.0,0.0,1
1.0,0,0,0.0,Savings,2,3000000.0,0.0,0
2.0,2,0,5000000.0,Investment,1,384540.0,0.0,1
2.0,0,0,0.0,Savings,18,7000000.0,0.0,0
2.0,0,0,0.0,Investment,2,8376940.0,0.0,1
,2,0,50000000.0,Savings,11,13200000.0,0.0,1
,2,0,1000000000.0,Investment,2,2032842.0,0.0,1
2.0,0,0,0.0,Savings,2,5010000.0,0.0,0
1.0,3,0,0.0,Savings,1,323300.0,0.0,0
1.0,0,0,0.0,Savings,28,39000000.0,0.0,0
2.0,0,0,0.0,Savings,1,10000000.0,0.0,1
2.0,2,0,5000000.0,Investment,2,517650.0,0.0,1
,0,0,0.0,Savings,35,22000000.0,0.0,0
1.0,3,10,0.0,Savings,26,0.0,0.0,1
,0,0,0.0,Savings,1,10000.0,0.0,1
2.0,0,0,10000000.0,Savings,16,56110000.0,0.0,1
1.0,3,10,0.0,Savings,55,65965000.0,0.0,1
1.0,0,0,0.0,Savings,1,1000000.0,0.0,1
1.0,2,0,100000000.0,Savings,25,854000000.0,0.0,0
2.0,2,0,40000000.0,Savings,3,1500000.0,0.0,1
2.0,0,0,0.0,Savings,11,80000000.0,0.0,0
2.0,0,0,0.0,Savings,2,3000000.0,0.0,0
2.0,3,15,81809700.0,Savings,125,1180000000.0,0.0,0
2.0,2,15,0.0,Savings,1,1000000.0,0.0,1
2.0,2,0,40000000.0,Investment,1,56434.0,0.0,1
1.0,3,0,0.0,Investment,16,77185221.67487684,0.0,0
2.0,0,0,8000000.0,Savings,9,0.0,0.0,0
2.0,0,0,0.0,Savings,1,5000000.0,0.0,0
2.0,0,0,0.0,Investment,1,200000.00000000003,0.0,1
2.0,2,0,25000000.0,Investment,3,11385400.0,0.0,1
2.0,2,15,0.0,Savings,2,1000000.0,0.0,1
,0,0,0.0,Savings,1,5000000.0,0.0,0
2.0,2,15,0.0,Investment,6,6293910.0,0.0,1
,0,0,0.0,Investment,1,15000000.0,0.0,0
2.0,2,0,5000000.0,Savings,3,300000.0,0.0,1
1.0,3,10,0.0,Savings,1,500000.0,0.0,1
2.0,2,0,5000000.0,Savings,1,0.0,0.0,1
1.0,0,0,0.0,Savings,41,23000000.0,0.0,0
2.0,0,15,40000000.0,Investment,1,38454000.0,0.0,1
1.0,0,0,123400000.0,Investment,1,1015000.0,0.0,1
1.0,3,0,0.0,Investment,2,303000.0,0.0,1
2.0,3,0,0.0,Savings,38,37000000.0,0.0,0
1.0,2,0,100000000.0,Investment,1,3845400.0,0.0,1
1.0,2,0,1000000.0,Investment,1,30450.0,0.0,1
2.0,2,0,40000000.0,Savings,3,30000.0,0.0,1
2.0,0,0,0.0,Savings,26,34000000.0,0.0,0
,0,0,0.0,Savings,269,158000000.0,0.0,0
1.0,3,10,0.0,Savings,9,1800000.0,0.0,1
2.0,3,0,1000000.0,Savings,87,43900000.0,0.0,0
2.0,2,0,40000000.0,Savings,9,250000.0,0.0,1
1.0,3,0,0.0,Investment,1,450000.00000000006,0.0,1
2.0,2,0,0.0,Savings,1,1000000.0,0.0,1
1.0,3,10,0.0,Investment,1,0.0,0.0,1
,0,0,0.0,Investment,6,167500000.0,0.0,0
2.0,1,0,20000.0,Savings,46,25070000.0,0.0,1
2.0,2,0,40000000.0,Savings,6,4800000.0,2400000.0,1
1.0,3,10,0.0,Savings,3,300000.0,0.0,1
2.0,3,0,4344400.0,Investment,1,3610800.0,0.0,1
1.0,0,0,0.0,Savings,1,2000000.0,0.0,0
,0,0,0.0,Savings,1,10000.0,0.0,1
2.0,2,15,0.0,Investment,1,10000.0,0.0,1
,0,0,0.0,Savings,1,10000.0,0.0,0
2.0,2,0,5000000.0,Savings,12,1110000.0,0.0,1
1.0,3,10,0.0,Savings,23,21000000.0,0.0,0
2.0,1,0,0.0,Investment,3,2537500.0,0.0,1
2.0,2,0,10000000.0,Savings,11,14800000.0,0.0,1
2.0,3,0,0.0,Savings,1,10000000.0,0.0,0
2.0,0,0,0.0,Savings,109,39000000.0,0.0,0
2.0,3,15,81809700.0,Savings,4,3830000.0,0.0,1
2.0,2,0,5000000.0,Investment,1,1922700.0,0.0,1
2.0,3,0,0.0,Savings,25,11000000.0,0.0,0
1.0,3,10,0.0,Savings,57,1560000.0,0.0,0
2.0,2,0,40000000.0,Savings,1,5000000.0,0.0,1
2.0,2,0,8000000.0,Savings,9,15000000.0,0.0,0
,0,0,0.0,Investment,1,3000000.0,0.0,0
2.0,0,0,0.0,Savings,1,8000000.0,0.0,0
2.0,0,0,0.0,Investment,1,900000.0000000001,0.0,0
2.0,0,0,0.0,Savings,24,2200000.0,0.0,0
2.0,3,15,81809700.0,Savings,205,591000000.0,0.0,0
2.0,2,0,2000000.0,Investment,1,10150.0,0.0,1
1.0,0,0,0.0,Savings,14,40060000.0,0.0,0
2.0,0,0,0.0,Savings,1,1000000.0,0.0,0
,2,0,35000000.0,Savings,1,1000000.0,0.0,1
1.0,3,10,0.0,Savings,1,150000.0,0.0,1
2.0,3,0,0.0,Investment,1,507500.0,0.0,1
1.0,3,0,0.0,Investment,5,2100000.0,0.0,1
2.0,3,15,81809700.0,Savings,104,1910000.0,0.0,0
1.0,3,0,0.0,Savings,3,2100000.0,0.0,1
2.0,3,15,81809700.0,Savings,3,528000.0,0.0,1
1.0,2,0,100000000.0,Savings,46,18500000.0,0.0,0
2.0,3,15,81809700.0,Savings,64,540000000.0,0.0,0
1.0,0,0,0.0,Savings,1,1000000.0,0.0,1
2.0,0,50,0.0,Savings,1,5000000.0,0.0,1
2.0,0,0,100000000.0,Savings,1,10000.0,0.0,1
2.0,2,0,10000000.0,Savings,14,566000000.0,0.0,1
2.0,0,0,0.0,Savings,11,35680000.0,0.0,0
1.0,0,0,0.0,Savings,31,12000000.0,0.0,0
1.0,3,10,0.0,Savings,4,40000000.0,80000000.0,1
1.0,3,0,0.0,Savings,104,321000000.0,104020800.0,0
2.0,2,15,0.0,Investment,73,638452598.1280788,0.0,0
2.0,3,0,25000000.0,Savings,7,51900000.0,0.0,1
1.0,3,10,0.0,Savings,185,85500000.0,0.0,0
2.0,2,0,5000000.0,Investment,1,10150.0,0.0,1
1.0,2,0,1000000.0,Investment,1,30000.0,0.0,1
1.0,2,0,15000000.0,Savings,4,2511200.0,0.0,1
1.0,0,0,18000000.0,Investment,3,8075000.0,0.0,1
,0,0,0.0,Investment,1,2000000.0,0.0,0
2.0,3,15,23000000.0,Savings,488,371850000.0,0.0,0
1.0,3,0,0.0,Savings,1,323300.0,0.0,0
1.0,2,0,0.0,Investment,1,1000000.0,0.0,1
2.0,2,0,5000000.0,Savings,1,100000.0,0.0,1
2.0,0,0,1000000.0,Savings,3,28500000.0,0.0,0
1.0,2,0,15000000.0,Savings,9,9000000.0,0.0,1
2.0,0,0,30000000.0,Investment,3,3000000.0000000005,0.0,1
2.0,3,15,81809700.0,Savings,2,200000.0,0.0,1
1.0,3,10,0.0,Savings,6,2670000.0,0.0,1
2.0,2,0,5000000.0,Investment,2,5768100.0,0.0,1
,0,0,0.0,Investment,3,7600000.0,0.0,0
,0,0,0.0,Savings,7,5000000.0,0.0,1
2.0,3,0,1000000.0,Savings,23,59020000.0,0.0,0
1.0,2,0,100000000.0,Investment,1,2030000.0,0.0,1
1.0,3,0,0.0,Investment,1,1000000.0,0.0,0
1.0,2,0,100000000.0,Savings,46,81500000.0,0.0,0
,0,0,0.0,Investment,1,5000000.0,0.0,0
2.0,0,0,0.0,Investment,2,18887000.0,0.0,1
,0,0,0.0,Investment,1,5000000.000000001,0.0,0
2.0,0,0,10000000.0,Investment,32,604200000.0,0.0,0
,0,0,0.0,Investment,1,9100000.0,0.0,0
1.0,3,10,0.0,Savings,1,0.0,0.0,1
1.0,0,0,0.0,Savings,1,100000.0,0.0,0
,3,0,0.0,Savings,3,10000000.0,0.0,0
,0,0,0.0,Savings,1,10000.0,0.0,1
1.0,0,0,18000000.0,Savings,31,91600000.0,0.0,0
2.0,3,15,81809700.0,Investment,1,36200000.0,0.0,1
1.0,3,0,0.0,Savings,122,273000000.0,0.0,1
1.0,0,0,0.0,Investment,200,73600000.0,0.0,0
2.0,0,0,30000000.0,Savings,8,4000000.0,0.0,0
2.0,0,0,0.0,Investment,1,1000000.0,0.0,0
1.0,2,0,15000000.0,Investment,8,7690800.0,0.0,1
2.0,2,0,20000.0,Savings,40,37000000.0,0.0,0
2.0,1,0,40000000.0,Savings,11,0.0,0.0,0
,3,0,0.0,Savings,5,146000000.0,0.0,0
,0,0,0.0,Investment,1,5000000.000000001,0.0,1
1.0,2,0,15000000.0,Investment,42,96768500.0,0.0,0
2.0,2,0,15000000.0,Savings,12,4800000.0,0.0,1
2.0,0,0,0.0,Savings,6,12000000.0,0.0,0
2.0,3,15,81809700.0,Savings,54,1400000.0,0.0,0
2.0,2,0,25000000.0,Savings,6,40000.0,0.0,1
2.0,2,0,5000000.0,Investment,1,10150.0,0.0,1
2.0,2,15,5000000.0,Investment,1,5000000.0,0.0,0
2.0,2,0,40000000.0,Savings,2,488700.0,988506.0,1
2.0,2,0,40000000.0,Savings,10,29756500.0,0.0,1
2.0,2,0,0.0,Investment,5,24285000.0,0.0,1
2.0,0,0,0.0,Savings,1,10000.0,0.0,0
2.0,3,15,81809700.0,Savings,98,953000000.0,0.0,0
2.0,0,0,15000000.0,Savings,1,3000000.0,0.0,0
2.0,0,0,0.0,Investment,1,1015000.0,0.0,1
1.0,3,0,0.0,Investment,5,8560000.0,0.0,1
2.0,2,0,40000000.0,Savings,37,2285200.0,0.0,1
,0,0,0.0,Savings,24,4000000.0,0.0,1
2.0,0,0,0.0,Investment,1,450000.00000000006,0.0,1
1.0,3,10,0.0,Savings,1,4000000.0,0.0,1
1.0,3,10,0.0,Savings,1,10000.0,0.0,1
1.0,2,0,15000000.0,Investment,16,10587596.0,0.0,1
2.0,2,15,0.0,Savings,7,7000000.0,0.0,1
2.0,2,0,40000000.0,Investment,1,3552500.0,0.0,1
1.0,3,0,0.0,Savings,1,1000000.0,0.0,0
2.0,2,0,0.0,Investment,2,9075000.0,0.0,1
2.0,0,0,0.0,Savings,1,10000.0,0.0,1
,0,0,0.0,Savings,17,13000000.0,0.0,0
,3,0,8000000.0,Savings,1,3000000.0,0.0,1
2.0,2,0,15000000.0,Savings,5,480000.0,4000.0,1
2.0,2,0,5000000.0,Savings,15,8723400.0,0.0,1
2.0,2,0,40000000.0,Savings,55,540000000.0,29700000000.0,1
2.0,0,0,0.0,Savings,1,10000.0,0.0,1
,0,0,0.0,Savings,267,150000000.0,0.0,0
1.0,0,0,0.0,Investment,3,7000000.0,0.0,1
2.0,3,0,1000000.0,Savings,5,15000000.0,0.0,1
1.0,0,0,0.0,Investment,2,2000000.0,0.0,0
2.0,0,0,0.0,Savings,4,30000.0,0.0,1
,0,0,0.0,Savings,9,3000000.0,0.0,0
2.0,2,15,0.0,Savings,69,63100000.0,0.0,1
1.0,3,10,0.0,Savings,1,10000000.0,0.0,1
2.0,0,0,0.0,Investment,1,47217500.0,0.0,1
1.0,3,10,0.0,Savings,3,300000.0,600000.0,1
1.0,3,10,0.0,Savings,6,720000.0,0.0,1
1.0,3,0,0.0,Investment,16,7642000.0,0.0,1
1.0,2,0,15000000.0,Savings,45,43000000.0,0.0,0
2.0,2,0,40000000.0,Savings,5,0.0,0.0,1
1.0,0,0,0.0,Investment,1,1000000.0,0.0,0
2.0,3,0,25000000.0,Investment,1,49861680.0,0.0,1
1.0,2,0,100000000.0,Savings,13,4110000.0,2653560.0,1
2.0,2,15,0.0,Savings,10,6000000.0,0.0,0
2.0,0,0,0.0,Savings,2,1000000.0,0.0,0
2.0,0,0,0.0,Savings,1,10000.0,0.0,1
2.0,0,0,0.0,Savings,1,10000.0,0.0,1
1.0,0,0,0.0,Savings,1,5000000.0,0.0,0
2.0,0,0,8000000.0,Savings,2,1488800.0,0.0,1
,0,0,0.0,Savings,1,10000.0,0.0,1
2.0,0,0,0.0,Investment,1,10000000.000000002,0.0,0
1.0,2,0,15000000.0,Investment,163,309540000.0,0.0,0
1.0,3,10,0.0,Savings,1,10000.0,0.0,1
2.0,3,15,81809700.0,Investment,51,95423600.0,0.0,0
1.0,0,0,0.0,Savings,123,43000000.0,0.0,0
1.0,2,0,15000000.0,Savings,7,856800.0,0.0,1
2.0,2,20,0.0,Savings,91,202900000.0,0.0,0
2.0,0,0,100000000.0,Savings,1,2000000.0,0.0,0
1.0,3,10,0.0,Investment,1,10150.0,0.0,1
2.0,0,0,0.0,Savings,2,200000.0,0.0,0
2.0,3,15,81809700.0,Investment,2,1116500.0,0.0,1
,0,0,0.0,Savings,1,5000000.0,0.0,1
,0,0,0.0,Savings,1,10000.0,0.0,1
2.0,1,0,20000.0,Savings,7,5000000.0,0.0,0
2.0,2,0,40000000.0,Savings,3,10110000.0,0.0,1
2.0,2,15,0.0,Investment,13,27830000.0,0.0,1
2.0,0,0,0.0,Savings,14,12010000.0,0.0,0
2.0,2,0,40000000.0,Savings,5,4212100.0,0.0,1
2.0,0,0,0.0,Savings,3,1100000.0,0.0,0
,0,0,0.0,Savings,2,1120000.0,0.0,1
1.0,0,0,18000000.0,Investment,2,3030000.0,0.0,1
2.0,3,15,81809700.0,Savings,142,132010000.0,0.0,0
1.0,3,10,0.0,Savings,3,120000.0,0.0,1
2.0,0,0,0.0,Savings,1,1000000.0,0.0,1
2.0,2,0,5000000.0,Investment,2,1025150.0,0.0,1
2.0,2,0,40000000.0,Savings,3,320000.0,0.0,1
2.0,2,0,25000000.0,Savings,144,1310200000.0,0.0,0
2.0,3,0,4344400.0,Investment,3,600000.0,0.0,1
,0,0,0.0,Savings,6,1000000.0,0.0,0
1.0,3,0,0.0,Investment,10,42530450.0,0.0,1
1.0,3,0,0.0,Investment,1,1500000.0000000002,0.0,1
,3,0,0.0,Investment,2,6000000.000000001,0.0,1
2.0,2,15,0.0,Savings,1,1000000.0,0.0,1
2.0,2,0,40000000.0,Investment,7,3739000.0,0.0,1
1.0,0,0,0.0,Investment,1,977700.0000000002,0.0,1
,0,0,0.0,Investment,1,300000.0,0.0,0
2.0,0,0,0.0,Savings,42,900000.0,0.0,0
,2,0,10000000.0,Investment,1,722160.0,0.0,1
2.0,0,0,1000000.0,Savings,40,20500000.0,0.0,0
2.0,3,15,81809700.0,Savings,94,24100000.0,0.0,0
2.0,2,0,5000000.0,Savings,11,2000000.0,0.0,0
,0,0,0.0,Investment,1,10000000.000000002,0.0,0
2.0,0,0,15000000.0,Savings,255,153000000.0,0.0,0
,0,0,0.0,Investment,1,10000000.0,0.0,0
1.0,2,0,15000000.0,Savings,40,195000000.0,0.0,0
2.0,2,0,20000.0,Savings,1,10000.0,0.0,1
2.0,2,0,5000000.0,Investment,1,10150.0,0.0,1
2.0,2,0,40000000.0,Investment,1,30000.0,0.0,1
2.0,2,0,15000000.0,Savings,13,4332900.0,0.0,1
,0,0,0.0,Savings,146,0.0,0.0,0
2.0,0,0,0.0,Savings,1,5000000.0,0.0,0
1.0,2,0,15000000.0,Savings,78,16560000.0,39780000.0,0
2.0,0,0,20000000.0,Savings,1,500000.0,0.0,0
2.0,2,0,0.0,Investment,5,17300000.000000004,0.0,0
2.0,0,0,0.0,Investment,1,9443500.0,0.0,0
2.0,2,0,100000000.0,Investment,26,116050000.0,0.0,0
2.0,2,15,0.0,Savings,8,4000000.0,0.0,1
2.0,1,15,0.0,Savings,10,1318800.0,11187150.0,1
2.0,2,0,0.0,Investment,3,2350000.0000000005,0.0,1
2.0,3,15,100000000.0,Savings,4,200000.0,0.0,1
2.0,2,0,0.0,Savings,2,20000.0,0.0,0
2.0,0,0,0.0,Investment,1,100000.0,0.0,0
,0,0,0.0,Investment,1,20200000.0,0.0,1
,0,0,15000000.0,Savings,1,10000.0,0.0,1
2.0,3,0,1000000.0,Investment,3,12180000.0,0.0,1
2.0,2,0,40000000.0,Savings,1,333300.0,0.0,1
2.0,0,0,0.0,Savings,1,1000000.0,0.0,0
2.0,3,0,1000000.0,Savings,2,1200000.0,0.0,1
2.0,0,0,0.0,Investment,2,6000000.000000001,0.0,0
2.0,2,0,40000000.0,Savings,10,10000000.0,0.0,1
2.0,0,0,1223400.0,Savings,10,110000.0,0.0,0
1.0,3,15,100000000.0,Savings,445,372993600.0,0.0,0
2.0,0,0,1223400.0,Savings,1,200000.0,0.0,1
2.0,0,0,0.0,Savings,17,13000000.0,0.0,0
2.0,3,0,1000000.0,Savings,1,5000.0,0.0,1
1.0,2,0,15000000.0,Investment,1,4721750.0,0.0,1
1.0,3,10,0.0,Savings,21,110000000.0,1050000000.0,1
,2,0,35000000.0,Investment,1,2537500.0,0.0,1
1.0,3,10,0.0,Investment,4,10520585.0,0.0,1
2.0,2,0,5000000.0,Savings,1,200000.0,0.0,1
2.0,0,0,0.0,Savings,137,420000000.0,0.0,0
2.0,0,0,100000000.0,Investment,1,1015000.0,0.0,1
2.0,0,0,12000000.0,Investment,2,10000000.0,0.0,0
2.0,0,0,25000000.0,Investment,2,0.0,0.0,1
2.0,2,0,20000.0,Investment,1,10150.0,0.0,1
,0,0,0.0,Savings,1,2000000.0,0.0,0
2.0,3,0,0.0,Savings,1,10000000.0,0.0,0
2.0,3,15,81809700.0,Investment,1,1015000.0,0.0,1
2.0,0,0,0.0,Savings,11,7000000.0,0.0,0
2.0,2,15,0.0,Savings,6,2000000.0,0.0,0
2.0,3,15,81809700.0,Savings,76,34416000.0,0.0,0
2.0,1,0,20000.0,Savings,13,1604200.0,0.0,1
1.0,2,0,15000000.0,Savings,85,284221700.0,0.0,1
2.0,0,0,0.0,Savings,1,1000000.0,0.0,0
2.0,3,0,0.0,Savings,44,42000000.0,0.0,0
1.0,3,10,0.0,Savings,1,10000.0,0.0,1
2.0,0,0,0.0,Savings,1,10000.0,0.0,0
,0,0,0.0,Investment,1,5000000.0,0.0,0
1.0,3,10,0.0,Investment,1,10160150.0,0.0,1
,2,0,1000000000.0,Savings,32,11500000.0,0.0,1
,3,0,0.0,Savings,3,3000000.0,0.0,0
2.0,0,0,15000000.0,Investment,1,37700020.0,0.0,1
2.0,3,15,81809700.0,Savings,409,34500000.0,0.0,0
2.0,1,0,0.0,Investment,1,1015000.0,0.0,1
,0,0,0.0,Investment,1,1000000.0,0.0,0
2.0,2,0,5000000.0,Investment,1,384540.0,0.0,1
,0,0,0.0,Investment,1,5000000.0,0.0,0
2.0,0,0,10000000.0,Investment,29,731202810.0,0.0,0
1.0,3,10,0.0,Savings,2,20000000.0,0.0,1
1.0,3,10,0.0,Savings,395,79000000.0,7900000000.0,1
1.0,2,0,15000000.0,Investment,3,1515000.0,0.0,1
1.0,3,0,0.0,Investment,1,0.0,0.0,0
2.0,2,0,40000000.0,Savings,3,8100000.0,0.0,1
2.0,0,0,0.0,Savings,1,43623200.0,0.0,0
1.0,3,10,0.0,Savings,6,1500000.0,0.0,0
,0,0,0.0,Investment,1,2000000.0,0.0,0
,0,0,100000000.0,Savings,7,120000000.0,0.0,1
1.0,3,0,0.0,Savings,38,150100000.0,0.0,1
2.0,3,0,1000000.0,Savings,1,5000.0,0.0,1
2.0,1,0,40000000.0,Savings,52,245010000.0,0.0,0
1.0,2,0,15000000.0,Investment,4,7040000.0,0.0,1
2.0,2,0,10000000.0,Savings,148,1431400000.0,0.0,1
2.0,2,15,0.0,Savings,8,5400000.0,0.0,1
1.0,3,0,0.0,Investment,1,2500000.0000000005,0.0,0
2.0,2,0,5000000.0,Savings,6,2600000.0,0.0,1
2.0,2,0,10000000.0,Savings,5,10000000.0,0.0,1
2.0,0,0,0.0,Savings,14,11000000.0,0.0,0
1.0,2,0,15000000.0,Investment,43,22829640.0,0.0,0
1.0,3,0,0.0,Savings,14,7500000.0,0.0,1
2.0,2,0,100000000.0,Investment,9,200000000.0,0.0,1
1.0,0,0,0.0,Investment,1,101500.0,0.0,1
2.0,0,0,0.0,Savings,1,10000.0,0.0,1
2.0,0,0,0.0,Savings,1,10000.0,0.0,0
2.0,2,0,5000000.0,Savings,5,5300000.0,0.0,1
2.0,2,0,5000000.0,Investment,2,20300.0,0.0,1
,0,0,0.0,Savings,44,25000000.0,0.0,0
1.0,2,0,100000000.0,Savings,1,3000000.0,0.0,1
1.0,3,10,0.0,Savings,1,0.0,0.0,1
2.0,2,15,0.0,Savings,61,42002700.0,0.0,1
1.0,3,10,0.0,Savings,1,1000000.0,0.0,1
,3,0,0.0,Investment,12,131637500.0,0.0,1
2.0,2,0,5000000.0,Savings,4,1500000.0,0.0,1
2.0,2,0,20000.0,Investment,1,507500.0,0.0,1
2.0,0,0,0.0,Savings,1,10000.0,0.0,1
,3,0,0.0,Investment,5,30759430.0,0.0,1
1.0,2,0,15000000.0,Savings,16,10507500.0,0.0,0
2.0,3,0,25000000.0,Savings,23,257010000.0,0.0,0
,0,0,1000000.0,Savings,1,10000.0,0.0,1
2.0,2,0,2000000.0,Savings,3,0.0,0.0,1
,3,0,8000000.0,Investment,5,1822530.0,0.0,1
2.0,2,0,40000000.0,Investment,1,300000.0,0.0,1
2.0,2,0,5000000.0,Investment,1,507500.0,0.0,1
2.0,0,0,100000000.0,Investment,1,1015000.0,0.0,1
2.0,2,15,0.0,Savings,2,2000000.0,0.0,1
2.0,2,0,5000000.0,Savings,25,1710000.0,0.0,0
2.0,1,0,20000.0,Investment,1,1000000.0,0.0,0
2.0,2,0,15000000.0,Savings,1,12300.0,39.0,1
2.0,0,0,0.0,Savings,1,5000000.0,0.0,1
2.0,0,0,0.0,Investment,1,5075000.0,0.0,1
2.0,2,0,0.0,Investment,1,5000000.000000001,0.0,0
1.0,2,0,100000000.0,Investment,1,5075000.0,0.0,1
,0,0,0.0,Savings,1,10000.0,0.0,1
1.0,2,0,15000000.0,Investment,59,22664088.66995074,0.0,0
2.0,2,0,2000000.0,Investment,1,10150.0,0.0,1
,0,0,0.0,Investment,2,2000000.0,0.0,0
1.0,3,10,0.0,Savings,1,1250000.0,0.0,1
1.0,3,10,0.0,Savings,1,10000.0,0.0,1
2.0,2,0,40000000.0,Savings,6,150000.0,480000.0,1
2.0,2,0,25000000.0,Savings,1,20000.0,0.0,1
2.0,2,15,0.0,Savings,2,1300000.0,0.0,1
1.0,3,0,0.0,Investment,1,443400.00000000006,0.0,1
,0,0,0.0,Investment,3,3000000.0,0.0,0
2.0,2,0,5000000.0,Savings,14,5000000.0,0.0,0
2.0,0,0,0.0,Savings,1,10000.0,0.0,0
,0,0,0.0,Savings,1,10000.0,0.0,1
2.0,0,0,0.0,Savings,1,1000000.0,0.0,1
1.0,2,0,15000000.0,Savings,26,2095000.0,0.0,1
2.0,1,0,800000000.0,Savings,7,70000.0,0.0,1
1.0,2,0,25000000.0,Savings,1,1000000.0,0.0,0
2.0,3,15,100000000.0,Investment,1,0.0,0.0,1
2.0,3,15,81809700.0,Savings,3,3100000.0,0.0,1
1.0,3,10,0.0,Savings,6,633000.0,0.0,1
1.0,2,0,15000000.0,Savings,1,12000000.0,0.0,1
1.0,3,10,0.0,Savings,5,250000.0,0.0,1
1.0,2,0,0.0,Investment,1,1000000.0,0.0,1
2.0,2,0,40000000.0,Savings,1,10000000.0,0.0,1
,0,0,40000000.0,Savings,352,258000000.0,0.0,0
2.0,2,15,0.0,Savings,39,13197800.0,0.0,0
,0,0,0.0,Savings,1,10000.0,0.0,1
,2,0,8000000.0,Investment,1,10000000.0,0.0,1
2.0,0,0,0.0,Savings,1,10000.0,0.0,1
2.0,2,0,2000000.0,Savings,2,2000000.0,0.0,1
1.0,2,0,15000000.0,Savings,3,1000000.0,0.0,0
1.0,3,10,0.0,Savings,1,10000000.0,10000000.0,1
1.0,0,0,0.0,Investment,3,56661000.0,0.0,1
1.0,2,0,15000000.0,Savings,28,24900000.0,0.0,1
1.0,2,0,25000000.0,Savings,3,5000000.0,0.0,0
,0,0,100000000.0,Investment,1,3770000.0,0.0,1
2.0,3,15,23000000.0,Investment,1,30200000.0,0.0,1
1.0,0,0,0.0,Savings,35,18000000.0,0.0,0
,2,0,8000000.0,Savings,1,200000.0,0.0,0
2.0,2,0,0.0,Investment,2,6000000.000000001,0.0,1
1.0,2,0,15000000.0,Savings,6,220000.0,0.0,1
,0,0,0.0,Savings,1,590000.0,0.0,0
,0,0,100000000.0,Savings,4,102000000.0,0.0,1
2.0,3,15,81809700.0,Investment,1,6090000.0,0.0,1
2.0,0,0,0.0,Savings,8,1660000.0,0.0,0
1.0,0,0,0.0,Investment,1,1888700.0,0.0,1
2.0,2,15,0.0,Investment,1,507500.0,0.0,1
2.0,0,0,0.0,Savings,1,1000000.0,0.0,0
2.0,0,0,0.0,Investment,1,3807700.0,0.0,1
1.0,0,0,1000000.0,Investment,2,15150000.0,0.0,1
1.0,0,0,0.0,Savings,104,94030000.0,0.0,0
2.0,3,0,25000000.0,Investment,1,49992501.12483128,0.0,1
,0,0,100000000.0,Savings,2,2000000.0,0.0,1
2.0,3,0,1000000.0,Investment,1,2030000.0,0.0,1
,2,0,8000000.0,Investment,1,20000000.0,0.0,1
,0,0,0.0,Investment,1,5000000.0,0.0,0
2.0,0,0,0.0,Investment,1,0.0,0.0,1
,3,0,0.0,Savings,10,50000000.0,0.0,0
1.0,3,0,0.0,Savings,16,30100000.0,3200000.0,0
1.0,2,0,100000000.0,Investment,5,4567500.0,0.0,1
2.0,2,0,40000000.0,Savings,16,7200000.0,0.0,1
1.0,0,0,25000000.0,Savings,99,425000000.0,0.0,0
,0,0,0.0,Savings,1,10000.0,0.0,0
2.0,2,15,0.0,Investment,13,769080.0,0.0,1
2.0,0,0,100000000.0,Savings,4,2250000.0,0.0,0
1.0,2,0,24000000.0,Savings,40,165000000.0,0.0,0
2.0,0,0,15000000.0,Savings,9,700000.0,0.0,0
2.0,2,0,15000000.0,Savings,9,12000000.0,0.0,0
1.0,0,0,0.0,Savings,13,2800000.0,0.0,1
2.0,0,0,0.0,Savings,1,10000.0,0.0,1
2.0,0,0,0.0,Investment,7,47217500.0,0.0,0
2.0,1,0,0.0,Savings,43,258000000.0,0.0,0
2.0,0,0,0.0,Savings,29,80000000.0,0.0,0
2.0,0,0,34444.0,Investment,1,500000.0,0.0,1
2.0,1,0,800000000.0,Savings,6,120000000.0,0.0,1
2.0,3,0,0.0,Savings,23,16000000.0,0.0,0
2.0,2,15,0.0,Investment,1,507500.0,0.0,1
,0,0,0.0,Investment,1,5000000.000000001,0.0,1
1.0,0,0,0.0,Savings,1,100000.0,0.0,0
,0,0,20000000.0,Savings,2,1000000.0,0.0,1
2.0,2,0,15000000.0,Investment,20,28210000.0,0.0,0
2.0,2,20,0.0,Savings,5,503900000.0,0.0,1
2.0,2,0,5000000.0,Investment,1,10150.0,0.0,1
2.0,0,0,0.0,Savings,1,10000.0,0.0,0
2.0,2,15,0.0,Investment,1,1000000.0,0.0,0
1.0,0,0,8000000.0,Savings,1,10000.0,0.0,1
2.0,2,0,8000000.0,Savings,29,26010000.0,0.0,0
2.0,0,0,0.0,Savings,137,440000000.0,0.0,0
2.0,3,15,81809700.0,Savings,1,300000.0,0.0,1
,0,0,0.0,Savings,252,152000000.0,0.0,0
2.0,2,15,0.0,Savings,1,500000.0,0.0,1
,0,0,0.0,Investment,2,2000000.0,0.0,0
,0,0,0.0,Investment,2,10000000.0,0.0,0
1.0,0,0,0.0,Savings,1,750000.0,0.0,0
,0,0,0.0,Investment,1,20000000.0,0.0,0
1.0,3,0,0.0,Savings,1,211200.0,0.0,0
1.0,3,10,0.0,Savings,2,200000.0,0.0,1
,2,0,50000000.0,Savings,22,46000000.0,0.0,1
2.0,1,0,0.0,Investment,1,10150.0,0.0,1
2.0,3,15,81809700.0,Savings,24,210000.0,0.0,0
,0,0,0.0,Investment,1,50000000.0,0.0,0
2.0,3,0,0.0,Investment,1,4721750.0,0.0,1
2.0,0,0,0.0,Savings,1,10000.0,0.0,1
2.0,3,15,81809700.0,Investment,54,52570221.67487685,0.0,0
2.0,0,0,30000000.0,Savings,5,0.0,0.0,0
,0,0,0.0,Savings,1,200000.0,0.0,0
2.0,2,0,8000000.0,Savings,1,500000000.0,0.0,1
2.0,3,0,1000000.0,Investment,1,1015000.0,0.0,1
1.0,3,0,0.0,Savings,25,1210000.0,0.0,1
1.0,3,10,0.0,Savings,1,13000000.0,3800000.0,1
2.0,2,0,5000000.0,Savings,4,1200000.0,0.0,1
2.0,3,15,81809700.0,Savings,10,5810000.0,0.0,1
,0,0,0.0,Savings,1,10000.0,0.0,1
,0,0,0.0,Savings,45,31000000.0,0.0,0
2.0,0,0,8000000.0,Investment,1,3333300.000000001,0.0,1
2.0,3,15,81809700.0,Savings,93,747100000.0,0.0,0
,0,0,100000000.0,Investment,6,28652000.0,0.0,1
,2,0,0.0,Investment,1,5075000.0,0.0,1
1.0,3,10,0.0,Savings,2,11000000.0,0.0,1
2.0,2,0,40000000.0,Investment,1,384540.0,0.0,1
2.0,2,0,5000000.0,Investment,1,10150.0,0.0,1
1.0,2,0,15000000.0,Savings,5,350000.0,1754000.0,1
2.0,2,0,40000000.0,Savings,37,835000.0,0.0,0
2.0,3,0,0.0,Savings,8,4000000.0,0.0,1
2.0,2,15,0.0,Savings,1,500000.0,0.0,1
2.0,2,0,5000000.0,Investment,4,15381600.0,0.0,1
,0,0,0.0,Savings,4,9100000.0,0.0,0
1.0,2,0,100000000.0,Savings,188,161113500.0,0.0,0
2.0,1,0,0.0,Savings,1,250000.0,0.0,1
,2,0,50000000.0,Savings,22,78000000.0,0.0,1
,0,0,0.0,Savings,7,2000000.0,0.0,0
2.0,0,0,1000000.0,Investment,3,13000000.000000002,0.0,0
2.0,2,0,40000000.0,Investment,39,27033190.0,0.0,0
2.0,1,0,0.0,Savings,24,12000000.0,0.0,0
,0,0,0.0,Savings,22,6500000.0,0.0,1
2.0,3,15,81809700.0,Savings,67,19998300.0,0.0,0
2.0,2,0,5000000.0,Savings,1,100000.0,0.0,1
2.0,2,15,0.0,Investment,1,507500.0,0.0,1
1.0,3,10,0.0,Savings,2,200000.0,0.0,1
2.0,2,15,0.0,Investment,1,10150.0,0.0,1
1.0,2,0,15000000.0,Investment,43,22270000.0,0.0,0
2.0,3,0,4344400.0,Savings,2,70000000.0,0.0,1
2.0,0,0,8000000.0,Savings,3,6200000.0,0.0,1
2.0,2,0,40000000.0,Savings,96,5511800.0,0.0,1
2.0,0,0,0.0,Savings,138,510000000.0,0.0,0
2.0,0,0,0.0,Savings,288,175000000.0,0.0,0
2.0,2,0,40000000.0,Savings,4,835300.0,3404340.0,1
2.0,2,0,100000000.0,Investment,3,11165000.0,0.0,1
,0,0,0.0,Investment,1,39000000.0,0.0,0
1.0,2,0,1000000.0,Investment,1,30000.0,0.0,1
2.0,3,15,81809700.0,Savings,103,47500000.0,0.0,0
2.0,2,0,100000000.0,Savings,42,20050000.0,0.0,0
2.0,0,0,0.0,Investment,1,5000000.000000001,0.0,1
2.0,0,0,20000000.0,Savings,1,20000000.0,0.0,0
2.0,3,15,81809700.0,Savings,34,160000000.0,0.0,0
2.0,2,0,2000000.0,Investment,1,507500.0,0.0,1
,0,0,0.0,Investment,1,100000.0,0.0,0
,0,0,0.0,Savings,2,1000000.0,0.0,0
2.0,3,0,1000000.0,Savings,4,3000000.0,0.0,1
2.0,3,15,81809700.0,Investment,98,877072433.4975369,0.0,0
1.0,3,10,0.0,Savings,6,5240000.0,720000.0,1
2.0,3,15,100000000.0,Investment,3,5025000.0,0.0,1
2.0,2,0,15000000.0,Savings,4,11500000.0,0.0,1
1.0,2,0,15000000.0,Investment,1,0.0,0.0,1
1.0,3,0,0.0,Investment,7,500000.0,0.0,0
,0,0,100000000.0,Savings,1,0.0,0.0,1
1.0,2,0,15000000.0,Savings,33,1610000.0,0.0,1
1.0,3,10,0.0,Savings,1,2000000.0,0.0,1
,0,0,0.0,Savings,1,1000000.0,0.0,1
,0,0,20000000.0,Investment,1,38454000.0,0.0,1
1.0,2,0,100000000.0,Investment,2,5768100.0,0.0,1
1.0,0,0,0.0,Savings,138,353000000.0,0.0,0
1.0,3,10,0.0,Savings,4,20000000.0,88000000.0,1
,0,0,20000000.0,Savings,1,10000.0,0.0,1
